Embedding_dimension,Model,Metric,Scenario_1_Mean_SD,Scenario_1_CI95,Scenario_2_Mean_SD,Scenario_2_CI95,Wilcoxon_W,p_value,Holm_adjusted_p,Significant_after_Holm
50,Decision Tree,Precision,0.9444 ± 0.0090,"[0.9380, 0.9508]",0.9543 ± 0.0080,"[0.9485, 0.9600]",5.0,0.01953125,0.29296875,False
50,Decision Tree,Recall,0.9500 ± 0.0039,"[0.9471, 0.9528]",0.9571 ± 0.0026,"[0.9553, 0.9589]",0.0,0.001953125,0.09375,False
50,Decision Tree,F1-score,0.9472 ± 0.0056,"[0.9432, 0.9511]",0.9557 ± 0.0048,"[0.9523, 0.9591]",1.0,0.00390625,0.09375,False
50,Decision Tree,F2-score,0.9488 ± 0.0042,"[0.9458, 0.9518]",0.9565 ± 0.0032,"[0.9543, 0.9588]",0.0,0.001953125,0.09375,False
50,KNN,Precision,0.9636 ± 0.0082,"[0.9578, 0.9695]",0.9655 ± 0.0066,"[0.9608, 0.9703]",10.0,0.083984375,1.0,False
50,KNN,Recall,0.9577 ± 0.0028,"[0.9556, 0.9597]",0.9659 ± 0.0020,"[0.9645, 0.9674]",0.0,0.001953125,0.09375,False
50,KNN,F1-score,0.9606 ± 0.0041,"[0.9576, 0.9636]",0.9657 ± 0.0036,"[0.9631, 0.9683]",1.0,0.00390625,0.09375,False
50,KNN,F2-score,0.9588 ± 0.0026,"[0.9569, 0.9607]",0.9658 ± 0.0022,"[0.9643, 0.9674]",0.0,0.001953125,0.09375,False
50,Naive Bayes,Precision,0.9345 ± 0.0045,"[0.9312, 0.9377]",0.9485 ± 0.0042,"[0.9456, 0.9515]",0.0,0.001953125,0.09375,False
50,Naive Bayes,Recall,0.5150 ± 0.0105,"[0.5074, 0.5225]",0.5195 ± 0.0102,"[0.5122, 0.5268]",0.0,0.001953125,0.09375,False
50,Naive Bayes,F1-score,0.6640 ± 0.0095,"[0.6572, 0.6708]",0.6713 ± 0.0092,"[0.6647, 0.6778]",0.0,0.001953125,0.09375,False
50,Naive Bayes,F2-score,0.5657 ± 0.0104,"[0.5583, 0.5732]",0.5712 ± 0.0101,"[0.5640, 0.5784]",0.0,0.001953125,0.09375,False
50,SVM,Precision,0.9966 ± 0.0067,"[0.9918, 1.0000]",0.9982 ± 0.0048,"[0.9948, 1.0000]",17.0,0.322265625,1.0,False
50,SVM,Recall,0.9996 ± 0.0001,"[0.9995, 0.9997]",0.9996 ± 0.0002,"[0.9995, 0.9998]",20.0,0.4921875,1.0,False
50,SVM,F1-score,0.9980 ± 0.0034,"[0.9956, 1.0000]",0.9989 ± 0.0024,"[0.9972, 1.0000]",17.0,0.322265625,1.0,False
50,SVM,F2-score,0.9990 ± 0.0014,"[0.9980, 0.9999]",0.9993 ± 0.0010,"[0.9986, 1.0000]",16.0,0.275390625,1.0,False
100,Decision Tree,Precision,0.9489 ± 0.0081,"[0.9431, 0.9547]",0.9538 ± 0.0072,"[0.9487, 0.9589]",13.0,0.16015625,1.0,False
100,Decision Tree,Recall,0.9503 ± 0.0033,"[0.9479, 0.9526]",0.9574 ± 0.0025,"[0.9556, 0.9592]",0.0,0.001953125,0.09375,False
100,Decision Tree,F1-score,0.9496 ± 0.0048,"[0.9461, 0.9530]",0.9556 ± 0.0036,"[0.9530, 0.9581]",3.0,0.009765625,0.15625,False
100,Decision Tree,F2-score,0.9500 ± 0.0035,"[0.9475, 0.9524]",0.9567 ± 0.0023,"[0.9550, 0.9583]",0.0,0.001953125,0.09375,False
100,KNN,Precision,0.9702 ± 0.0068,"[0.9653, 0.9751]",0.9734 ± 0.0066,"[0.9687, 0.9781]",0.0,0.001953125,0.09375,False
100,KNN,Recall,0.9564 ± 0.0034,"[0.9539, 0.9588]",0.9658 ± 0.0026,"[0.9639, 0.9677]",0.0,0.001953125,0.09375,False
100,KNN,F1-score,0.9632 ± 0.0043,"[0.9602, 0.9663]",0.9696 ± 0.0035,"[0.9670, 0.9721]",0.0,0.001953125,0.09375,False
100,KNN,F2-score,0.9591 ± 0.0034,"[0.9567, 0.9616]",0.9673 ± 0.0025,"[0.9655, 0.9691]",0.0,0.001953125,0.09375,False
100,Naive Bayes,Precision,0.9359 ± 0.0063,"[0.9315, 0.9404]",0.9502 ± 0.0057,"[0.9462, 0.9543]",0.0,0.001953125,0.09375,False
100,Naive Bayes,Recall,0.5155 ± 0.0116,"[0.5072, 0.5239]",0.5197 ± 0.0120,"[0.5111, 0.5283]",0.0,0.001953125,0.09375,False
100,Naive Bayes,F1-score,0.6648 ± 0.0106,"[0.6572, 0.6724]",0.6718 ± 0.0109,"[0.6640, 0.6797]",0.0,0.001953125,0.09375,False
100,Naive Bayes,F2-score,0.5664 ± 0.0115,"[0.5582, 0.5746]",0.5714 ± 0.0119,"[0.5629, 0.5799]",0.0,0.001953125,0.09375,False
100,SVM,Precision,0.9979 ± 0.0051,"[0.9943, 1.0000]",0.9981 ± 0.0049,"[0.9946, 1.0000]",9.0,0.064453125,0.837890625,False
100,SVM,Recall,0.9994 ± 0.0002,"[0.9993, 0.9996]",0.9994 ± 0.0001,"[0.9994, 0.9995]",26.0,0.921875,1.0,False
100,SVM,F1-score,0.9986 ± 0.0025,"[0.9968, 1.0000]",0.9988 ± 0.0025,"[0.9970, 1.0000]",13.0,0.16015625,1.0,False
100,SVM,F2-score,0.9991 ± 0.0010,"[0.9984, 0.9999]",0.9992 ± 0.0010,"[0.9984, 0.9999]",18.0,0.375,1.0,False
200,Decision Tree,Precision,0.9509 ± 0.0089,"[0.9445, 0.9573]",0.9583 ± 0.0099,"[0.9512, 0.9653]",13.0,0.16015625,1.0,False
200,Decision Tree,Recall,0.9540 ± 0.0035,"[0.9515, 0.9565]",0.9613 ± 0.0032,"[0.9591, 0.9636]",0.0,0.001953125,0.09375,False
200,Decision Tree,F1-score,0.9524 ± 0.0054,"[0.9486, 0.9563]",0.9598 ± 0.0060,"[0.9555, 0.9641]",2.0,0.005859375,0.099609375,False
200,Decision Tree,F2-score,0.9534 ± 0.0039,"[0.9506, 0.9562]",0.9607 ± 0.0040,"[0.9579, 0.9636]",0.0,0.001953125,0.09375,False
200,KNN,Precision,0.9670 ± 0.0085,"[0.9610, 0.9731]",0.9719 ± 0.0078,"[0.9664, 0.9775]",0.0,0.001953125,0.09375,False
200,KNN,Recall,0.9567 ± 0.0034,"[0.9543, 0.9591]",0.9660 ± 0.0030,"[0.9638, 0.9682]",0.0,0.001953125,0.09375,False
200,KNN,F1-score,0.9618 ± 0.0052,"[0.9581, 0.9655]",0.9690 ± 0.0048,"[0.9655, 0.9724]",0.0,0.001953125,0.09375,False
200,KNN,F2-score,0.9587 ± 0.0038,"[0.9560, 0.9614]",0.9672 ± 0.0034,"[0.9647, 0.9696]",0.0,0.001953125,0.09375,False
200,Naive Bayes,Precision,0.9346 ± 0.0051,"[0.9309, 0.9383]",0.9487 ± 0.0045,"[0.9455, 0.9518]",0.0,0.001953125,0.09375,False
200,Naive Bayes,Recall,0.5077 ± 0.0063,"[0.5032, 0.5123]",0.5113 ± 0.0052,"[0.5076, 0.5150]",0.0,0.001953125,0.09375,False
200,Naive Bayes,F1-score,0.6580 ± 0.0060,"[0.6537, 0.6623]",0.6644 ± 0.0049,"[0.6609, 0.6679]",0.0,0.001953125,0.09375,False
200,Naive Bayes,F2-score,0.5588 ± 0.0063,"[0.5542, 0.5633]",0.5632 ± 0.0052,"[0.5595, 0.5669]",0.0,0.001953125,0.09375,False
200,SVM,Precision,0.9932 ± 0.0077,"[0.9877, 0.9987]",0.9950 ± 0.0071,"[0.9899, 1.0000]",0.0,0.001953125,0.09375,False
200,SVM,Recall,0.9992 ± 0.0001,"[0.9991, 0.9993]",0.9993 ± 0.0003,"[0.9991, 0.9995]",17.0,0.322265625,1.0,False
200,SVM,F1-score,0.9962 ± 0.0039,"[0.9934, 0.9990]",0.9971 ± 0.0035,"[0.9946, 0.9997]",7.0,0.037109375,0.51953125,False
200,SVM,F2-score,0.9980 ± 0.0016,"[0.9969, 0.9991]",0.9984 ± 0.0014,"[0.9974, 0.9994]",15.0,0.232421875,1.0,False
