Embedding_dimension,Model,Metric,N_E1,E1_Mean,E1_SD,E1_CI95_Lower,E1_CI95_Upper,N_E2,E2_Mean,E2_SD,E2_CI95_Lower,E2_CI95_Upper,N_pairs,Mean_difference_E2_minus_E1,Wilcoxon_W,p_value,Holm_adjusted_p,Significant_after_Holm
50,Decision Tree,Precision,10,0.9444159904972349,0.008952486958751319,0.9380117671256798,0.95082021386879,10,0.9542784714680215,0.008015247340833908,0.9485447089296929,0.96001223400635,10,0.009862480970786635,5.0,0.01953125,0.29296875,False
50,Decision Tree,Recall,10,0.9499638802117023,0.003936162023106612,0.9471481195254535,0.9527796408979511,10,0.9571051364867167,0.002567209968254399,0.9552686651068492,0.9589416078665842,10,0.007141256275014729,0.0,0.001953125,0.09375,False
50,Decision Tree,F1-score,10,0.947165669682853,0.005562446861180412,0.9431865349066128,0.9511448044590932,10,0.95567768774757,0.004772124010539612,0.9522639158804821,0.9590914596146579,10,0.008512018064716787,1.0,0.00390625,0.09375,False
50,Decision Tree,F2-score,10,0.9488387266206997,0.004193258914647361,0.9458390498975836,0.9518384033438158,10,0.956530749253691,0.0031629631878704713,0.9542681016939168,0.9587933968134651,10,0.00769202263299118,0.0,0.001953125,0.09375,False
50,KNN,Precision,10,0.9636084734153464,0.008167460564827325,0.957765824096054,0.9694511227346387,10,0.9655200427078823,0.006625219050274045,0.9607806465067004,0.9702594389090642,10,0.0019115692925359862,10.0,0.083984375,1.0,False
50,KNN,Recall,10,0.9576540624325173,0.002827471002771807,0.9556314115242527,0.9596767133407819,10,0.9659338487273524,0.002004315692941032,0.9645000476546617,0.9673676498000432,10,0.008279786294835112,0.0,0.001953125,0.09375,False
50,KNN,F1-score,10,0.9606035076294605,0.004149981143257559,0.9576347899589831,0.9635722252999378,10,0.9657166721910879,0.0035925458916926316,0.963146719677449,0.9682866247047268,10,0.005113164561627604,1.0,0.00390625,0.09375,False
50,KNN,F2-score,10,0.9588272693087827,0.002642084643249504,0.9569372358130751,0.9607173028044903,10,0.9658445197830277,0.002222365087132312,0.9642547355703595,0.9674343039956959,10,0.0070172504742449845,0.0,0.001953125,0.09375,False
50,Naive Bayes,Precision,10,0.9344605585883758,0.004517044754074732,0.93122925942897,0.9376918577477817,10,0.9485290084632376,0.004156107515464042,0.9455559082500938,0.9515021086763814,10,0.014068449874861777,0.0,0.001953125,0.09375,False
50,Naive Bayes,Recall,10,0.5149600027625969,0.010545344869928914,0.5074163174840509,0.5225036880411429,10,0.5195072918608266,0.010234355198793675,0.5121860751912127,0.5268285085304404,10,0.004547289098229662,0.0,0.001953125,0.09375,False
50,Naive Bayes,F1-score,10,0.6639583828256488,0.00950665864267737,0.6571577289129038,0.6707590367383938,10,0.6712852449984847,0.009151990681816326,0.6647383052608683,0.6778321847361012,10,0.007326862172836057,0.0,0.001953125,0.09375,False
50,Naive Bayes,F2-score,10,0.5657385194978547,0.0103900967272046,0.5583058920503456,0.5731711469453638,10,0.5711588712184774,0.010065127941079992,0.5639587124363475,0.5783590300006073,10,0.005420351720622685,0.0,0.001953125,0.09375,False
50,SVM,Precision,10,0.9965562392008774,0.006665836385156919,0.9917877871086849,1.0,10,0.9982130607763378,0.004797381357183774,0.9947812208919015,1.0,10,0.00165682157546021,17.0,0.322265625,1.0,False
50,SVM,Recall,10,0.9995601764045521,0.00013688117872649874,0.9994622575080526,0.9996580953010515,10,0.999618026407173,0.00019889103745899348,0.9994757483299911,0.9997603044843549,10,5.78500026207851e-05,20.0,0.4921875,1.0,False
50,SVM,F1-score,10,0.998045851379666,0.0033601576559030744,0.9956421393953655,1.0,10,0.9989097722223279,0.002408413193746049,0.9971868972117508,1.0,10,0.0008639208426620803,17.0,0.322265625,1.0,False
50,SVM,F2-score,10,0.9989514432914619,0.0013551815628591046,0.9979820048016266,0.9999208817812972,10,0.9993333227090361,0.0009674193464570143,0.9986412725985784,1.0,10,0.00038187941757403807,16.0,0.275390625,1.0,False
100,Decision Tree,Precision,10,0.9488931403714534,0.008112612744037408,0.9430897268195406,0.9546965539233663,10,0.9538164042122446,0.007172428562070508,0.9486855579077862,0.9589472505167029,10,0.00492326384079117,13.0,0.16015625,1.0,False
100,Decision Tree,Recall,10,0.9502509972090255,0.0032537941116576354,0.9479233731206446,0.9525786212974064,10,0.9573810473052886,0.002530023930912602,0.9555711772140393,0.959190917396538,10,0.007130050096263263,0.0,0.001953125,0.09375,False
100,Decision Tree,F1-score,10,0.9495572395819114,0.004814743227495409,0.946112979763647,0.9530014994001758,10,0.9555802006057927,0.003586541291966504,0.9530145435240356,0.9581458576875499,10,0.006022961023881357,3.0,0.009765625,0.15625,False
100,Decision Tree,F2-score,10,0.9499699132853084,0.0034616900395395144,0.9474935694091939,0.952446257161423,10,0.9566562357092842,0.002259043785753013,0.9550402131362556,0.9582722582823127,10,0.006686322423975766,0.0,0.001953125,0.09375,False
100,KNN,Precision,10,0.9702148359960028,0.0068205211697654955,0.965335729074892,0.9750939429171136,10,0.9733927003101398,0.006569497705562455,0.9686931647577073,0.9780922358625723,10,0.0031778643141370244,0.0,0.001953125,0.09375,False
100,KNN,Recall,10,0.9563864778259639,0.0034190775401483024,0.9539406170955695,0.9588323385563582,10,0.9658099583395281,0.002606413463918033,0.9639454424682994,0.9676744742107568,10,0.009423480513564097,0.0,0.001953125,0.09375,False
100,KNN,F1-score,10,0.9632410185621787,0.004259276815393369,0.9601941154778463,0.9662879216465111,10,0.969574943063326,0.003531159468407196,0.9670489037515172,0.9721009823751349,10,0.006333924501147348,0.0,0.001953125,0.09375,False
100,KNN,F2-score,10,0.9591141861410521,0.003424842393853411,0.956664201482748,0.9615641707993563,10,0.9673096738371818,0.002468637699429014,0.9655437168105557,0.9690756308638079,10,0.008195487696129456,0.0,0.001953125,0.09375,False
100,Naive Bayes,Precision,10,0.9359468583248391,0.006275728937034609,0.9314574722897315,0.9404362443599468,10,0.9502483156547774,0.005699949515169902,0.9461708174054165,0.9543258139041383,10,0.01430145732993825,0.0,0.001953125,0.09375,False
100,Naive Bayes,Recall,10,0.5155416618234041,0.01162162745439019,0.5072280503652878,0.5238552732815204,10,0.5196544749979547,0.01202414441940346,0.5110529202491458,0.5282560297467636,10,0.004112813174550501,0.0,0.001953125,0.09375,False
100,Naive Bayes,F1-score,10,0.6648090884139245,0.010601584947203022,0.6572251714077082,0.6723930054201408,10,0.671825882328059,0.010945238133056244,0.6639961306420837,0.6796556340140342,10,0.007016793914134445,0.0,0.001953125,0.09375,False
100,Naive Bayes,F2-score,10,0.5664058874112784,0.011475182341263697,0.5581970364761828,0.574614738346374,10,0.571420809652493,0.011877345229774464,0.5629242687177761,0.5799173505872098,10,0.005014922241214614,0.0,0.001953125,0.09375,False
100,SVM,Precision,10,0.9978809804277293,0.005058389143358263,0.9942624268209409,1.0,10,0.9980981527418422,0.0048576182089476415,0.9946232220095027,1.0,10,0.00021717231411281235,9.0,0.064453125,0.837890625,False
100,SVM,Recall,10,0.999431669370221,0.00023701384500355744,0.9992621198793871,0.9996012188610549,10,0.9994410060447423,9.469094415323848e-05,0.9993732682239094,0.9995087438655752,10,9.336674521465138e-06,26.0,0.921875,1.0,False
100,SVM,F1-score,10,0.9986498868491411,0.002549512568913097,0.9968260754261101,1.0,10,0.9987638454710804,0.0024644258810169045,0.9970009013978421,1.0,10,0.0001139586219390809,13.0,0.16015625,1.0,False
100,SVM,F2-score,10,0.9991173912766959,0.001037805410983524,0.9983749900088951,0.9998597925444966,10,0.9991687489187504,0.001013044162473908,0.9984440607810714,0.9998934370564294,10,5.1357642054394856e-05,18.0,0.375,1.0,False
200,Decision Tree,Precision,10,0.950917772823676,0.0089256318412073,0.9445327604459166,0.9573027852014353,10,0.9582605978782455,0.009870028250873526,0.9512000050068575,0.9653211907496334,10,0.007342825054569724,13.0,0.16015625,1.0,False
200,Decision Tree,Recall,10,0.9540177696023315,0.0034668737937392437,0.9515377174918515,0.9564978217128116,10,0.9613448683290514,0.003183817610904396,0.9590673024137399,0.9636224342443629,10,0.00732709872671986,0.0,0.001953125,0.09375,False
200,Decision Tree,F1-score,10,0.9524498276555347,0.005440390504859386,0.9485580067367063,0.956341648574363,10,0.9597831103055094,0.005971589469497956,0.9555112925388823,0.9640549280721366,10,0.007333282649974504,2.0,0.005859375,0.099609375,False
200,Decision Tree,F2-score,10,0.9533862628789318,0.0038892523276996896,0.9506040593672493,0.9561684663906143,10,0.9607154255430521,0.003995034040171577,0.9578575503528275,0.9635733007332767,10,0.007329162664120159,0.0,0.001953125,0.09375,False
200,KNN,Precision,10,0.9670371202393403,0.00847873031087979,0.9609718019575897,0.9731024385210909,10,0.9719458811518281,0.007763674659200041,0.96639208286866,0.9774996794349963,10,0.00490876091248803,0.0,0.001953125,0.09375,False
200,KNN,Recall,10,0.9567053578776774,0.00338942201951787,0.9542807114287662,0.9591300043265886,10,0.966003564454278,0.0030351592215647353,0.9638323423444112,0.9681747865641449,10,0.00929820657660071,0.0,0.001953125,0.09375,False
200,KNN,F1-score,10,0.9618301303776112,0.005196526145189973,0.9581127595125924,0.96554750124263,10,0.9689545714589739,0.004770209706497523,0.9655421690025026,0.9723669739154452,10,0.007124441081362598,0.0,0.001953125,0.09375,False
200,KNN,F2-score,10,0.9587455344098608,0.0037784675285088077,0.9560425815693561,0.9614484872503655,10,0.9671791722430312,0.0034337017781030077,0.9647228499630215,0.9696354945230409,10,0.008433637833170271,0.0,0.001953125,0.09375,False
200,Naive Bayes,Precision,10,0.9346079632803812,0.005149143626590194,0.9309244878272651,0.9382914387334973,10,0.948655494387624,0.004463388148105549,0.945462578851849,0.9518484099233989,10,0.014047531107242583,0.0,0.001953125,0.09375,False
200,Naive Bayes,Recall,10,0.5077163954043638,0.006337831845311273,0.5031825836249395,0.512250207183788,10,0.5112764074945607,0.00519440970474486,0.5075605506398304,0.514992264349291,10,0.0035600120901970013,0.0,0.001953125,0.09375,False
200,Naive Bayes,F1-score,10,0.6579705270497492,0.005983694920895627,0.653690049564865,0.6622510045346335,10,0.6644365919611037,0.004878494611224966,0.6609467271502233,0.6679264567719841,10,0.006466064911354463,0.0,0.001953125,0.09375,False
200,Naive Bayes,F2-score,10,0.5587535711015501,0.006308496057768414,0.5542407448803368,0.5632663973227634,10,0.5632053447246096,0.005161220261002376,0.5595132301676659,0.5668974592815533,10,0.004451773623059508,0.0,0.001953125,0.09375,False
200,SVM,Precision,10,0.9931995606251954,0.007690977469650813,0.987697766778616,0.9987013544717749,10,0.9950125929585057,0.007126426220030134,0.9899146547471168,1.0,10,0.0018130323333103494,0.0,0.001953125,0.09375,False
200,SVM,Recall,10,0.9992151244124576,0.0001492497785212135,0.9991083575526779,0.9993218912722374,10,0.9992945114759365,0.00029104572322557733,0.9990863099078738,0.9995027130439992,10,7.938706347871971e-05,17.0,0.322265625,1.0,False
200,SVM,F1-score,10,0.9961847992753226,0.0038760009420598647,0.9934120752338712,0.9989575233167739,10,0.9971370736469769,0.003542787531075135,0.9946027161202355,0.9996714311737183,10,0.0009522743716542492,7.0,0.037109375,0.51953125,False
200,SVM,F2-score,10,0.9979975182828926,0.0015624744502762016,0.9968797913944848,0.9991152451713005,10,0.9984275342332163,0.0013804528216743574,0.9974400177738648,0.9994150506925678,10,0.00043001595032352566,15.0,0.232421875,1.0,False
