Dimension,Escenario,Algoritmo,Tiempo_clasificador_s,Exactitud,Precisión,Recall,F1-score,Sensibilidad,Especificidad,Precisión positiva,Tasa de falsos positivos,Valor F2,Valor F0.5,TP,TN,FP,FN,Repeticion,Fold,k_seleccionado,N_terminos_anadidos,Umbral_similitud,Politicos_test_pct
50,Escenario 1,Árbol de Decisión,16.613781000000017,0.9256139562743336,0.9449532393274216,0.958185927672956,0.9515235794969382,0.958185927672956,0.8213836477987422,0.9449532393274216,0.17861635220125785,0.955509824097212,0.9475704567541302,19501.0,5224.0,1136.0,851.0,1,1,2,0,,76.19047619047619
50,Escenario 1,KNN,7.792001599998912,0.9391659179395029,0.95825380511917,0.9620676100628931,0.960156920436435,0.9620676100628931,0.865880503144654,0.95825380511917,0.1341194968553459,0.9613024224035507,0.9590141452137455,19580.0,5507.0,853.0,772.0,1,1,2,0,,76.19047619047619
50,Escenario 1,Naïve Bayes,0.12021529999765335,0.608565438754118,0.937179713730341,0.5211772798742138,0.669845279444269,0.5211772798742138,0.8882075471698113,0.937179713730341,0.11179245283018868,0.5719539287794146,0.8081646958429842,10607.0,5649.0,711.0,9745.0,1,1,2,0,,76.19047619047619
50,Escenario 1,SVM,1.258443200000329,0.9873839472896077,0.9840386940749698,0.9996560534591195,0.9917858970921588,0.9996560534591195,0.9481132075471698,0.9840386940749698,0.05188679245283019,0.9964930497732237,0.9871230058611187,20345.0,6030.0,330.0,7.0,1,1,2,0,,76.19047619047619
50,Escenario 2,Árbol de Decisión,14.96050059999834,0.942722371967655,0.9657553551296505,0.9625,0.9641249296567248,0.9625,0.8637892376681614,0.9657553551296505,0.13621076233183857,0.963149314144367,0.965102523659306,20559.0,4623.0,729.0,801.0,1,1,2,100,0.7897207140922546,79.96406109613656
50,Escenario 2,KNN,7.700170800002525,0.9446690625935908,0.9623720930232558,0.9686797752808989,0.9655156322911805,0.9686797752808989,0.8488415545590433,0.9623720930232558,0.15115844544095666,0.9674116326912288,0.9636270491803278,20691.0,4543.0,809.0,669.0,1,1,2,100,0.7897207140922546,79.96406109613656
50,Escenario 2,Naïve Bayes,0.14320569999836152,0.596136567834681,0.949336960217613,0.5228464419475656,0.6743146962927182,0.5228464419475656,0.8886397608370703,0.949336960217613,0.11136023916292975,0.5744619562980947,0.8161833489242283,11168.0,4756.0,596.0,10192.0,1,1,2,100,0.7897207140922546,79.96406109613656
50,Escenario 2,SVM,1.3888236999991932,0.9997753818508536,0.9998127516150174,0.9999063670411985,0.9998595571368382,0.9999063670411985,0.9992526158445441,0.9998127516150174,0.0007473841554559044,0.9998876425535103,0.9998314732978804,21358.0,5348.0,4.0,2.0,1,1,2,100,0.7897207140922546,79.96406109613656
50,Escenario 1,Árbol de Decisión,15.574812400001974,0.9327268643306379,0.9571565705047239,0.9522971750276465,0.954720689394512,0.9522971750276465,0.8756233499559988,0.9571565705047239,0.12437665004400117,0.9532651027986595,0.9561807279995155,18945.0,5970.0,848.0,949.0,1,2,2,0,,74.47589098532494
50,Escenario 1,KNN,7.772144799993839,0.9455300988319856,0.9733045844242517,0.9530009047954157,0.9630457420059432,0.9530009047954157,0.92373129950132,0.9733045844242517,0.07626870049867997,0.9569935894200192,0.9691749309886515,18959.0,6298.0,520.0,935.0,1,2,2,0,,74.47589098532494
50,Escenario 1,Naïve Bayes,0.09929990000091493,0.6227538185085355,0.9386897846098847,0.5279481250628331,0.6758034938712479,0.5279481250628331,0.8993839835728953,0.9386897846098847,0.10061601642710473,0.578582052553297,0.8122969837587007,10503.0,6132.0,686.0,9391.0,1,2,2,0,,74.47589098532494
50,Escenario 1,SVM,1.1634226999958628,0.9992138364779874,0.9993467008392382,0.9995978687041319,0.9994722689920338,0.9995978687041319,0.998093282487533,0.9993467008392382,0.0019067175124669992,0.9995476250314149,0.9993969243140014,19886.0,6805.0,13.0,8.0,1,2,2,0,,74.47589098532494
50,Escenario 2,Árbol de Decisión,15.369812800003274,0.9390536088649296,0.9634716399209676,0.958299381680487,0.9608785504878166,0.958299381680487,0.870405197469653,0.9634716399209676,0.12959480253034708,0.9593293859101946,0.9624327264675017,19993.0,5091.0,758.0,870.0,1,2,2,100,0.791510820388794,78.10347409404014
50,Escenario 2,KNN,7.695517500003916,0.9515947888589398,0.9741253997480376,0.9636198053971146,0.9688441242379702,0.9636198053971146,0.9087023422807318,0.9741253997480376,0.09129765771926825,0.9657027572293208,0.9720059952618092,20104.0,5315.0,534.0,759.0,1,2,2,100,0.791510820388794,78.10347409404014
50,Escenario 2,Naïve Bayes,0.1107652999999118,0.6116352201257862,0.9507520412548346,0.5302209653453482,0.6807803557141978,0.5302209653453482,0.9020345358180886,0.9507520412548346,0.09796546418191143,0.5816778318802781,0.820586620773556,11062.0,5276.0,573.0,9801.0,1,2,2,100,0.791510820388794,78.10347409404014
50,Escenario 2,SVM,1.4532984000034048,0.9992887091943695,0.9995207055214724,0.9995686142932464,0.9995446593332854,0.9995686142932464,0.9982903060352197,0.9995207055214724,0.0017096939647803042,0.999559032171479,0.9995302869084252,20854.0,5839.0,10.0,9.0,1,2,2,100,0.791510820388794,78.10347409404014
50,Escenario 1,Árbol de Decisión,13.35926300000574,0.9284591194968553,0.9549746192893401,0.9483792912234713,0.9516655284922984,0.9483792912234713,0.8709818181818182,0.9549746192893401,0.1290181818181818,0.9496910588805427,0.9536482253109888,18813.0,5988.0,887.0,1024.0,1,3,2,0,,74.26250374363582
50,Escenario 1,KNN,8.33011819999956,0.9353848457622043,0.9558979006192418,0.957150778847608,0.9565239294710327,0.957150778847608,0.8725818181818182,0.9558979006192418,0.12741818181818182,0.9568999405307879,0.9561482138001188,18987.0,5999.0,876.0,850.0,1,3,2,0,,74.26250374363582
50,Escenario 1,Naïve Bayes,0.10649689999991097,0.6054956573824498,0.9362041467304625,0.5030498563290821,0.6544464847848899,0.5030498563290821,0.901090909090909,0.9362041467304625,0.0989090909090909,0.5543457731065362,0.7986650232900613,9979.0,6195.0,680.0,9858.0,1,3,2,0,,74.26250374363582
50,Escenario 1,SVM,1.26151899999968,0.9992887091943695,0.9997478313496067,0.9992942481221959,0.9995209882768183,0.9992942481221959,0.9992727272727273,0.9997478313496067,0.0007272727272727272,0.999384931838348,0.9996570817658272,19823.0,6870.0,5.0,14.0,1,3,2,0,,74.26250374363582
50,Escenario 2,Árbol de Decisión,12.45149870000023,0.9237047020065888,0.9470104171621557,0.9556472903566458,0.951309250764526,0.9556472903566458,0.8105119918353462,0.9470104171621557,0.18948800816465386,0.9539073355373485,0.9487252799618775,19909.0,4765.0,1114.0,924.0,1,3,2,100,0.7853829860687256,77.9911650194669
50,Escenario 2,KNN,8.333705099998042,0.9408131176999102,0.9605300928140847,0.9637114193827101,0.9621181262729124,0.9637114193827101,0.8596700119067868,0.9605300928140847,0.14032998809321312,0.9630734693094384,0.9611646767074233,20077.0,5054.0,825.0,756.0,1,3,2,100,0.7853829860687256,77.9911650194669
50,Escenario 2,Naïve Bayes,0.10339590000512544,0.5956873315363881,0.9500313985825782,0.508328133250132,0.6622889305816135,0.508328133250132,0.905255995917673,0.9500313985825782,0.09474400408232693,0.5604420029847903,0.8093731370660797,10590.0,5322.0,557.0,10243.0,1,3,2,100,0.7853829860687256,77.9911650194669
50,Escenario 2,SVM,1.1749270000000251,0.9994010182689428,0.9998559285405562,0.9993759900158402,0.9996159016708277,0.9993759900158402,0.9994897091342065,0.9998559285405562,0.0005102908657935023,0.999471940857376,0.9997599039615847,20820.0,5876.0,3.0,13.0,1,3,2,100,0.7853829860687256,77.9911650194669
50,Escenario 1,Árbol de Decisión,12.886215500002436,0.9310422282120395,0.9568764568764568,0.9501358558921204,0.9534942435871541,0.9501358558921204,0.875548405966657,0.9568764568764568,0.12445159403334308,0.9514763680338607,0.955520696285801,18883.0,5987.0,851.0,991.0,1,4,2,0,,74.40101826894279
50,Escenario 1,KNN,8.0693425999998,0.9472147349505841,0.9726602498464059,0.955922310556506,0.9642186469065624,0.955922310556506,0.921906990348055,0.9726602498464059,0.07809300965194502,0.9592236539160641,0.969265933348299,18998.0,6304.0,534.0,876.0,1,4,2,0,,74.40101826894279
50,Escenario 1,Naïve Bayes,0.10743940000247676,0.5995432764300689,0.931047440112729,0.498691758075878,0.6494970346341623,0.498691758075878,0.8926586721263527,0.931047440112729,0.10734132787364727,0.5497498363674688,0.7934639894962693,9911.0,6104.0,734.0,9963.0,1,4,2,0,,74.40101826894279
50,Escenario 1,SVM,1.2295644000041648,0.9996256364180892,0.9998490186210367,0.9996477810204287,0.9997483896940419,0.9996477810204287,0.9995612752266745,0.9998490186210367,0.0004387247733255338,0.9996880220598595,0.9998087646194416,19867.0,6835.0,3.0,7.0,1,4,2,0,,74.40101826894279
50,Escenario 2,Árbol de Decisión,14.880257400000119,0.9342243186582809,0.9610452222543632,0.9545563376909448,0.9577897897897898,0.9545563376909448,0.8613827414650883,0.9610452222543632,0.13861725853491164,0.9558470951531541,0.9597403972999778,19934.0,5021.0,808.0,949.0,1,4,2,100,0.7897908091545105,78.17834681042228
50,Escenario 2,KNN,8.315994800002954,0.9423854447439353,0.9620235024362281,0.9643729349231432,0.963196785996126,0.9643729349231432,0.8636129696345857,0.9620235024362281,0.1363870303654143,0.9639021308368273,0.9624924726866056,20139.0,5034.0,795.0,744.0,1,4,2,100,0.7897908091545105,78.17834681042228
50,Escenario 2,Naïve Bayes,0.13016209999477724,0.5888739143456124,0.9449887640449438,0.5034238375712302,0.6568982754311422,0.5034238375712302,0.8950077200205867,0.9449887640449438,0.10499227997941328,0.5553207897989584,0.8039551565391616,10513.0,5217.0,612.0,10370.0,1,4,2,100,0.7897908091545105,78.17834681042228
50,Escenario 2,SVM,1.3380332000015187,0.9993261455525606,0.9997604790419161,0.9993774840779581,0.9995689448728388,0.9993774840779581,0.9991422199348087,0.9997604790419161,0.0008577800651912849,0.9994540595937054,0.9996838565666823,20870.0,5824.0,5.0,13.0,1,4,2,100,0.7897908091545105,78.17834681042228
50,Escenario 1,Árbol de Decisión,12.94056460000138,0.9117999401018269,0.9359608397254744,0.9446368544361822,0.9402788339670469,0.9446368544361822,0.8207120655552416,0.9359608397254744,0.1792879344447584,0.9428888075483975,0.9376832696313373,18547.0,5809.0,1269.0,1087.0,1,5,2,0,,73.50254567235699
50,Escenario 1,KNN,7.795252600000822,0.9486747529200359,0.9718877577386181,0.9578791891616584,0.9648326279338207,0.9578791891616584,0.9231421305453518,0.9718877577386181,0.0768578694546482,0.960648502865549,0.9690533605391702,18807.0,6534.0,544.0,827.0,1,5,2,0,,73.50254567235699
50,Escenario 1,Naïve Bayes,0.10621840000385419,0.6067310572027553,0.9278282875620958,0.5041764286441887,0.6533346533346533,0.5041764286441887,0.8912122068380899,0.9278282875620958,0.10878779316191015,0.5548455804046858,0.7943347777242818,9899.0,6308.0,770.0,9735.0,1,5,2,0,,73.50254567235699
50,Escenario 1,SVM,1.3974503999997978,0.9994010182689428,0.9996943453897096,0.9994906794336356,0.9995925020374898,0.9994906794336356,0.9991523029104267,0.9996943453897096,0.0008476970895733258,0.9995314059857792,0.9996536055586119,19624.0,7072.0,6.0,10.0,1,5,2,0,,73.50254567235699
50,Escenario 2,Árbol de Decisión,13.140986200000043,0.9210467205750225,0.9445876288659794,0.9542890206856647,0.9494135424911851,0.9542890206856647,0.8056253139126067,0.9445876288659794,0.19437468608739328,0.952332832890634,0.9465120950385951,19791.0,4812.0,1161.0,948.0,1,5,2,100,0.7993531823158264,77.6392632524708
50,Escenario 2,KNN,8.34487480000098,0.9526804432464809,0.9734065827215713,0.9654274555185882,0.9694006003679675,0.9654274555185882,0.9084212288632179,0.9734065827215713,0.09157877113678219,0.9670127988408597,0.971800223268456,20022.0,5426.0,547.0,717.0,1,5,2,100,0.7993531823158264,77.6392632524708
50,Escenario 2,Naïve Bayes,0.1165361999956076,0.5941524408505541,0.94314111747851,0.5078836973817445,0.6602312972075093,0.5078836973817445,0.8936882638540097,0.94314111747851,0.1063117361459903,0.5595278568696613,0.8051398082891257,10533.0,5338.0,635.0,10206.0,1,5,2,100,0.7993531823158264,77.6392632524708
50,Escenario 2,SVM,1.9189760000008391,0.9995882000598981,0.9998070987654321,0.9996624716717296,0.9997347799879446,0.9996624716717296,0.9993303197723087,0.9998070987654321,0.0006696802276912774,0.9996913937430082,0.9997781699989391,20732.0,5969.0,4.0,7.0,1,5,2,100,0.7993531823158264,77.6392632524708
50,Escenario 1,Árbol de Decisión,14.104641600002651,0.9167789757412399,0.9391931975479534,0.9503276474413486,0.9447276163007534,0.9503276474413486,0.8169915191191787,0.9391931975479534,0.1830084808808213,0.9480796870009581,0.941399165535217,18998.0,5491.0,1230.0,993.0,2,1,2,0,,74.83902365977838
50,Escenario 1,KNN,7.757374000000709,0.9365079365079365,0.9580850317992889,0.9570306637987094,0.9575575575575576,0.9570306637987094,0.8754649605713436,0.9580850317992889,0.12453503942865644,0.9572413517056427,0.9578739723832698,19132.0,5884.0,837.0,859.0,2,1,2,0,,74.83902365977838
50,Escenario 1,Naïve Bayes,0.10206499999912921,0.6144429469901168,0.9317533856022808,0.5231354109349207,0.6700624699663623,0.5231354109349207,0.886028864752269,0.9317533856022808,0.11397113524773099,0.5734307145677062,0.8058624994220722,10458.0,5955.0,766.0,9533.0,2,1,2,0,,74.83902365977838
50,Escenario 1,SVM,1.1441583999985596,0.9996256364180892,0.9997998899394667,0.9996998649392227,0.9997498749374687,0.9996998649392227,0.9994048504686802,0.9997998899394667,0.0005951495313197441,0.9997198683381189,0.9997798833381693,19985.0,6717.0,4.0,6.0,2,1,2,0,,74.83902365977838
50,Escenario 2,Árbol de Decisión,13.900443300000916,0.9246780473195567,0.9478791895474342,0.9564822776344702,0.9521613010604404,0.9564822776344702,0.8094496365524403,0.9478791895474342,0.1905503634475597,0.9547491893953843,0.949587403964716,20023.0,4677.0,1101.0,911.0,2,1,2,100,0.7952955365180969,78.36927223719677
50,Escenario 2,KNN,7.982347099998151,0.9430218628331836,0.961618947969181,0.9658450367822681,0.9637273593898952,0.9658450367822681,0.8603322949117341,0.961618947969181,0.13966770508826584,0.9649968500028636,0.9624612045164607,20219.0,4971.0,807.0,715.0,2,1,2,100,0.7952955365180969,78.36927223719677
50,Escenario 2,Naïve Bayes,0.11669249999977183,0.6074049116501947,0.9463385456720499,0.5290436610299035,0.6786775745319729,0.5290436610299035,0.8913118726202839,0.9463385456720499,0.10868812737971617,0.5802135395383439,0.8173914327045139,11075.0,5150.0,628.0,9859.0,2,1,2,100,0.7952955365180969,78.36927223719677
50,Escenario 2,SVM,1.4872947999974713,0.9994384546271339,0.9999044114132772,0.9993790006687685,0.9996416370021741,0.9993790006687685,0.9996538594669436,0.9999044114132772,0.00034614053305642093,0.999484038639773,0.9997992850725441,20921.0,5776.0,2.0,13.0,2,1,2,100,0.7952955365180969,78.36927223719677
50,Escenario 1,Árbol de Decisión,15.59695759999886,0.9131476489967056,0.9371651729835278,0.9461659000151645,0.9416440285743033,0.9461659000151645,0.8188771828546688,0.9371651729835278,0.1811228171453312,0.9443519499520711,0.9389515926761977,18718.0,5674.0,1255.0,1065.0,2,2,2,0,,74.06034740940402
50,Escenario 1,KNN,8.203623100002005,0.935759209344115,0.9573692471267278,0.9558206540969519,0.9565943238731218,0.9558206540969519,0.8784817433973157,0.9573692471267278,0.12151825660268437,0.9561299717848366,0.9570591272130948,18909.0,6087.0,842.0,874.0,2,2,2,0,,74.06034740940402
50,Escenario 1,Naïve Bayes,0.12215429999923799,0.6161650194669063,0.9326311966587979,0.5192336854875398,0.6670779621391694,0.5192336854875398,0.8929138403810074,0.9326311966587979,0.10708615961899264,0.5697424178554789,0.8045238803865975,10272.0,6187.0,742.0,9511.0,2,2,2,0,,74.06034740940402
50,Escenario 1,SVM,1.1695218000022578,0.9995507637017071,0.9996461966135961,0.99974725774655,0.9996967246259604,0.99974725774655,0.9989897532111416,0.9996461966135961,0.001010246788858421,0.9997270438852776,0.9996664072056044,19778.0,6922.0,7.0,5.0,2,2,2,0,,74.06034740940402
50,Escenario 2,Árbol de Decisión,14.113872800000536,0.9335504642108415,0.9591422776006955,0.9553129058636779,0.957223761899024,0.9553129058636779,0.857166976194496,0.9591422776006955,0.14283302380550397,0.9560763320559974,0.9583739492148668,19860.0,5077.0,846.0,929.0,2,2,2,100,0.7926498055458069,77.82644504342618
50,Escenario 2,KNN,8.630921999996644,0.9420485175202157,0.9611273546469827,0.9645485593342633,0.9628349178910977,0.9645485593342633,0.8630761438460239,0.9611273546469827,0.13692385615397604,0.9638623712975514,0.9618096526318819,20052.0,5112.0,811.0,737.0,2,2,2,100,0.7926498055458069,77.82644504342618
50,Escenario 2,Naïve Bayes,0.11593160000484204,0.6047469302186284,0.9452519801549308,0.5223916494299871,0.6729041452382427,0.5223916494299871,0.8938038156339693,0.9452519801549308,0.10619618436603073,0.5737228591050769,0.8135440856993034,10860.0,5294.0,629.0,9929.0,2,2,2,100,0.7926498055458069,77.82644504342618
50,Escenario 2,SVM,1.2134067000006326,0.9994010182689428,0.9995190689174241,0.9997113858290442,0.9996152181232264,0.9997113858290442,0.9983116663852777,0.9995190689174241,0.0016883336147222692,0.9996729165263735,0.9995575263800849,20783.0,5913.0,10.0,6.0,2,2,2,100,0.7926498055458069,77.82644504342618
50,Escenario 1,Árbol de Decisión,15.496796999999788,0.9112383947289607,0.9340816932054199,0.9479098710292568,0.9409449799496874,0.9479098710292568,0.8035372144436257,0.9340816932054199,0.19646278555637436,0.9451115781046733,0.9368149580915538,18889.0,5452.0,1333.0,1038.0,2,3,2,0,,74.5994309673555
50,Escenario 1,KNN,8.754482199998165,0.9343366277328542,0.9559435997792162,0.9560395443368295,0.9559915696507427,0.9560395443368295,0.8705969049373619,0.9559435997792162,0.12940309506263817,0.956020353884601,0.955962787150126,19051.0,5907.0,878.0,876.0,2,3,2,0,,74.5994309673555
50,Escenario 1,Naïve Bayes,0.1051106000013533,0.6037361485474693,0.9297938903202061,0.5071009183519848,0.6562753693781458,0.5071009183519848,0.8875460574797347,0.9297938903202061,0.11245394252026529,0.5578188482600247,0.7969368602028423,10105.0,6022.0,763.0,9822.0,2,3,2,0,,74.5994309673555
50,Escenario 1,SVM,1.22768399999768,0.9995882000598981,0.9998995983935743,0.9995483514829127,0.9997239440861294,0.9995483514829127,0.9997052321296979,0.9998995983935743,0.0002947678703021371,0.999618581121773,0.9998293292640076,19918.0,6783.0,2.0,9.0,2,3,2,0,,74.5994309673555
50,Escenario 2,Árbol de Decisión,17.8922922999991,0.9339248277927523,0.9579683929931455,0.9580139953348884,0.9579911936213257,0.9580139953348884,0.8452234881682734,0.9579683929931455,0.15477651183172655,0.9580048745192125,0.9579775131141767,20125.0,4822.0,883.0,882.0,2,3,2,100,0.7873345017433167,78.64255765199162
50,Escenario 2,KNN,7.862132299997029,0.9413372267145852,0.9596179307735956,0.9660589327367068,0.9628276598268296,0.9660589327367068,0.8503067484662576,0.9596179307735956,0.14969325153374233,0.9647638244466418,0.9608992509398763,20294.0,4851.0,854.0,713.0,2,3,2,100,0.7873345017433167,78.64255765199162
50,Escenario 2,Naïve Bayes,0.10852480000176001,0.595125786163522,0.9463128393764232,0.5143523587375637,0.6664610639938319,0.5143523587375637,0.8925503943908852,0.9463128393764232,0.10744960560911482,0.566026863357291,0.8102251083549543,10805.0,5092.0,613.0,10202.0,2,3,2,100,0.7873345017433167,78.64255765199162
50,Escenario 2,SVM,1.5843546000032802,0.9994384546271339,0.9996667618775588,0.9996191745608607,0.9996429676528693,0.9996191745608607,0.9987730061349693,0.9996667618775588,0.001226993865030675,0.9996286916617476,0.9996572440517562,20999.0,5698.0,7.0,8.0,2,3,2,100,0.7873345017433167,78.64255765199162
50,Escenario 1,Árbol de Decisión,14.673448400004418,0.9129979035639413,0.9386467333268614,0.9480341209922541,0.9433170731707317,0.9480341209922541,0.7998099461514095,0.9386467333268614,0.20019005384859043,0.9461416521517897,0.9405093087952066,19338.0,5050.0,1264.0,1060.0,2,4,2,0,,76.36268343815513
50,Escenario 1,KNN,7.698185900000681,0.9377058999700509,0.9584475332811276,0.9600451024610256,0.9592456527063433,0.9600451024610256,0.865536902122268,0.9584475332811276,0.13446309787773203,0.9597251627068141,0.9587666216242681,19583.0,5465.0,849.0,815.0,2,4,2,0,,76.36268343815513
50,Escenario 1,Naïve Bayes,0.1020490000009886,0.6093890386343217,0.9421370252041179,0.5204431807039905,0.6704983262805533,0.5204431807039905,0.8967374089325308,0.9421370252041179,0.10326259106746911,0.5716131811328882,0.8107530166488468,10616.0,5662.0,652.0,9782.0,2,4,2,0,,76.36268343815513
50,Escenario 1,SVM,1.2557965999949374,0.9870095837076969,0.9837861313516383,0.9994607314442593,0.9915614892633934,0.9994607314442593,0.9467849223946785,0.9837861313516383,0.05321507760532151,0.9962859795728877,0.9868815955077936,20387.0,5978.0,336.0,11.0,2,4,2,0,,76.36268343815513
50,Escenario 2,Árbol de Decisión,11.913238599998294,0.9206723569931117,0.9455719557195572,0.9562013153598582,0.9508569308193604,0.9562013153598582,0.7762184714583729,0.9455719557195572,0.22378152854162717,0.9540563684426077,0.9476788801671613,20500.0,4093.0,1180.0,939.0,2,4,2,100,0.7831349968910217,80.25980832584607
50,Escenario 2,KNN,8.29007730000012,0.9448188080263552,0.9631605808936111,0.9682821027100145,0.9657145515444734,0.9682821027100145,0.8494215816423288,0.9631605808936111,0.15057841835767116,0.9672534456569346,0.9641805463952959,20759.0,4479.0,794.0,680.0,2,4,2,100,0.7831349968910217,80.25980832584607
50,Escenario 2,Naïve Bayes,0.11001170000236016,0.600104821802935,0.9570833687430951,0.525304351882084,0.6783111485876047,0.525304351882084,0.9042290915987105,0.9570833687430951,0.09577090840128959,0.5774022538273023,0.8219597997284949,11262.0,4768.0,505.0,10177.0,2,4,2,100,0.7831349968910217,80.25980832584607
50,Escenario 2,SVM,1.1678236000007018,0.9871593291404612,0.9845644983461963,0.9996734922337795,0.9920614715208184,0.9996734922337795,0.9362791579745875,0.9845644983461963,0.06372084202541248,0.9966147092742086,0.9875496493443061,21432.0,4937.0,336.0,7.0,2,4,2,100,0.7831349968910217,80.25980832584607
50,Escenario 1,Árbol de Decisión,12.552991399999883,0.9225441749026655,0.9451513821851689,0.9535661583866207,0.9493401238951054,0.9535661583866207,0.8237229708555311,0.9451513821851689,0.17627702914446883,0.951871237638833,0.9468224353839843,19386.0,5257.0,1125.0,944.0,2,5,2,0,,76.10811620245582
50,Escenario 1,KNN,7.812880099998438,0.9514076070679844,0.9742350244194159,0.961583866207575,0.9678681057530448,0.961583866207575,0.9189909119398307,0.9742350244194159,0.08100908806016922,0.9640877438699623,0.9716782313060421,19549.0,5865.0,517.0,781.0,2,5,2,0,,76.10811620245582
50,Escenario 1,Naïve Bayes,0.10036250000121072,0.6115229110512129,0.9373407153528429,0.5246433841613379,0.6727427544230344,0.5246433841613379,0.88827953619555,0.9373407153528429,0.11172046380445001,0.5753028619510459,0.8099201166357866,10666.0,5669.0,713.0,9664.0,2,5,2,0,,76.10811620245582
50,Escenario 1,SVM,1.1138083999976516,0.9994010182689428,0.9997539854359379,0.9994589276930644,0.9996064347911645,0.9994589276930644,0.9992165465371357,0.9997539854359379,0.0007834534628643058,0.9995179253079375,0.9996949599511936,20319.0,6377.0,5.0,11.0,2,5,2,0,,76.10811620245582
50,Escenario 2,Árbol de Decisión,9.45179300000018,0.9277852650494159,0.9503526354862658,0.9597488402605314,0.9550276268855058,0.9597488402605314,0.8007819772854217,0.9503526354862658,0.19921802271457828,0.9578547644880093,0.9522171289365777,20482.0,4301.0,1070.0,859.0,2,5,2,100,0.7965948581695557,79.89293201557352
50,Escenario 2,KNN,7.662466299996595,0.9570230607966457,0.9772179420522759,0.9687924652078159,0.9729869640924279,0.9687924652078159,0.910258797244461,0.9772179420522759,0.08974120275553901,0.9704659175186113,0.975521142975776,20675.0,4889.0,482.0,666.0,2,5,2,100,0.7965948581695557,79.89293201557352
50,Escenario 2,Naïve Bayes,0.10116199999902165,0.6041479484875711,0.9520530691073977,0.531277822032707,0.681984962406015,0.531277822032707,0.8936883261962391,0.9520530691073977,0.10631167380376094,0.5827927585249761,0.8218681589515345,11338.0,4800.0,571.0,10003.0,2,5,2,100,0.7965948581695557,79.89293201557352
50,Escenario 2,SVM,1.193924999999581,0.9997005091344714,0.9997189037245257,0.9999062836793028,0.9998125849224571,0.9999062836793028,0.9988828895922547,0.9997189037245257,0.0011171104077452988,0.9998688020691788,0.9997563740969444,21339.0,5365.0,6.0,2.0,2,5,2,100,0.7965948581695557,79.89293201557352
100,Escenario 1,Árbol de Decisión,29.45826649999799,0.9267370470200659,0.9536049851516479,0.9512432012432013,0.9524226290326502,0.9512432012432013,0.844281045751634,0.9536049851516479,0.15571895424836601,0.9517146216560262,0.9531316906068745,19588.0,5167.0,953.0,1004.0,1,1,2,0,,77.088948787062
100,Escenario 1,KNN,11.699779599999601,0.950696316262354,0.9743097593385501,0.9613927738927739,0.9678081689521155,0.9613927738927739,0.9147058823529411,0.9743097593385501,0.08529411764705883,0.9639486984720559,0.9716986688655908,19797.0,5598.0,522.0,795.0,1,1,2,0,,77.088948787062
100,Escenario 1,Naïve Bayes,0.17954559999634512,0.5928047319556754,0.9405895691609978,0.5035936285936286,0.6559762153271974,0.5035936285936286,0.8929738562091504,0.9405895691609978,0.10702614379084967,0.555180795134539,0.8014901378841278,10370.0,5465.0,655.0,10222.0,1,1,2,0,,77.088948787062
100,Escenario 1,SVM,2.1108977000039886,0.9992138364779874,0.9994173343044428,0.9995629370629371,0.9994901303809455,0.9995629370629371,0.9980392156862745,0.9994173343044428,0.00196078431372549,0.9995338131173334,0.9994464514625335,20583.0,6108.0,12.0,9.0,1,1,2,0,,77.088948787062
100,Escenario 2,Árbol de Decisión,34.6285441,0.9221698113207547,0.9462355742810038,0.9580377428478695,0.9521000852475635,0.9580377428478695,0.7718172983479106,0.9462355742810038,0.2281827016520894,0.9556538148449641,0.9485726877909486,20662.0,3971.0,1174.0,905.0,1,1,2,100,0.7952657341957092,80.73899371069182
100,Escenario 2,KNN,11.860772500003804,0.9564989517819706,0.976507402736911,0.969444058051653,0.9729629112569221,0.969444058051653,0.9022351797862002,0.976507402736911,0.0977648202137998,0.9708485405696561,0.9750865116452603,20908.0,4642.0,503.0,659.0,1,1,2,100,0.7952657341957092,80.73899371069182
100,Escenario 2,Naïve Bayes,0.2499898999958532,0.5799266247379455,0.9521062751267261,0.5051235684147076,0.6600624072222727,0.5051235684147076,0.893488824101069,0.9521062751267261,0.106511175898931,0.5574659707297104,0.8089403727630504,10894.0,4597.0,548.0,10673.0,1,1,2,100,0.7952657341957092,80.73899371069182
100,Escenario 2,SVM,2.4248583000007784,0.999475890985325,0.9998144798478735,0.9995363286502527,0.9996753849007606,0.9995363286502527,0.9992225461613217,0.9998144798478735,0.0007774538386783285,0.9995919465078967,0.999758837224402,21557.0,5141.0,4.0,10.0,1,1,2,100,0.7952657341957092,80.73899371069182
100,Escenario 1,Árbol de Decisión,30.629327899994678,0.9277103923330339,0.9553,0.9485180956163431,0.9518969683381909,0.9485180956163431,0.8639062262140356,0.9553,0.13609377378596438,0.9498667621206698,0.9539358717034641,19106.0,5675.0,894.0,1037.0,1,2,2,0,,75.40805630428272
100,Escenario 1,KNN,12.213042700001097,0.9303683737646001,0.9562765160968305,0.9511492826292012,0.9537060082632286,0.9511492826292012,0.8666463693103973,0.9562765160968305,0.13335363068960268,0.9521703261204488,0.955246651974911,19159.0,5693.0,876.0,984.0,1,2,2,0,,75.40805630428272
100,Escenario 1,Naïve Bayes,0.17101609999372158,0.6239143456124588,0.939803118738566,0.5355706697115623,0.682309784327367,0.5355706697115623,0.8948089511341147,0.939803118738566,0.10519104886588522,0.5859795113578342,0.8165427875081367,10788.0,5878.0,691.0,9355.0,1,2,2,0,,75.40805630428272
100,Escenario 1,SVM,2.1003775999997742,0.9995882000598981,0.9997021445591739,0.9997517748101077,0.9997269590686823,0.9997517748101077,0.9990866189678794,0.9997021445591739,0.0009133810321205663,0.9997418483657016,0.9997120702151531,20138.0,6563.0,6.0,5.0,1,2,2,0,,75.40805630428272
100,Escenario 2,Árbol de Decisión,32.488565499996184,0.9378930817610063,0.9635808942701878,0.9576010232602208,0.9605816522916815,0.9576010232602208,0.8636444761734785,0.9635808942701878,0.1363555238265215,0.9587910524218795,0.9623789527808724,20214.0,4839.0,764.0,895.0,1,2,2,100,0.7994735836982727,79.02440850554058
100,Escenario 2,KNN,12.025295300001744,0.9407756813417191,0.9600433491966263,0.9652281017575441,0.9626287442124162,0.9652281017575441,0.8486525075852221,0.9600433491966263,0.1513474924147778,0.9641866760048836,0.9610758389071801,20375.0,4755.0,848.0,734.0,1,2,2,100,0.7994735836982727,79.02440850554058
100,Escenario 2,Naïve Bayes,0.1739579999994021,0.6136567834681043,0.952824645345421,0.537732720640485,0.6874810732239113,0.537732720640485,0.8996965911119044,0.952824645345421,0.10030340888809566,0.5890564510269957,0.8253952094937538,11351.0,5041.0,562.0,9758.0,1,2,2,100,0.7994735836982727,79.02440850554058
100,Escenario 2,SVM,2.056277099996805,0.9992512728361785,0.999763021944168,0.999289402624473,0.9995261561789234,0.999289402624473,0.9991076209173657,0.999763021944168,0.000892379082634303,0.9993840905860615,0.9996682621676698,21094.0,5598.0,5.0,15.0,1,2,2,100,0.7994735836982727,79.02440850554058
100,Escenario 1,Árbol de Decisión,31.986360599999898,0.9293575920934412,0.9549243747816103,0.9510788505518545,0.9529977333300123,0.9510788505518545,0.8631403455592603,0.9549243747816103,0.1368596544407396,0.9518454756241976,0.9541527841509886,19130.0,5695.0,903.0,984.0,1,3,2,0,,75.29949086552861
100,Escenario 1,KNN,12.034553700003016,0.9479260257562144,0.9751789249276687,0.9551556130058666,0.9650634183096822,0.9551556130058666,0.9258866323128221,0.9751789249276687,0.07411336768717794,0.959094222071348,0.9711073818718534,19212.0,6109.0,489.0,902.0,1,3,2,0,,75.29949086552861
100,Escenario 1,Naïve Bayes,0.1845859000022756,0.6009284216831386,0.9313743383829166,0.5074077756786318,0.6569258496395468,0.5074077756786318,0.8860260685056077,0.9313743383829166,0.11397393149439224,0.5582295928413591,0.7980170769086417,10206.0,5846.0,752.0,9908.0,1,3,2,0,,75.29949086552861
100,Escenario 1,SVM,2.1950042999960715,0.9991764001197964,0.9996021483986473,0.9993039673859003,0.9994530356521307,0.9993039673859003,0.9987875113670809,0.9996021483986473,0.0012124886329190664,0.999363589356032,0.9995424979611323,20100.0,6590.0,8.0,14.0,1,3,2,0,,75.29949086552861
100,Escenario 2,Árbol de Decisión,26.272854100003315,0.9336627732854148,0.9604229175596514,0.9554176339602976,0.9579137374121224,0.9554176339602976,0.8517395182872435,0.9604229175596514,0.14826048171275646,0.9564145126867442,0.9594176697273895,20166.0,4774.0,831.0,941.0,1,3,2,100,0.7924646735191345,79.01692123390237
100,Escenario 2,KNN,11.80550619999849,0.9535789158430668,0.9767698584113271,0.9641824986971147,0.9704353631204997,0.9641824986971147,0.9136485280999108,0.9767698584113271,0.08635147190008921,0.966673950010925,0.9742261625513419,20351.0,5121.0,484.0,756.0,1,3,2,100,0.7924646735191345,79.01692123390237
100,Escenario 2,Naïve Bayes,0.18265849999443162,0.5901841868823001,0.9442889627426972,0.5115364570995404,0.6635936203558588,0.5115364570995404,0.8863514719000892,0.9442889627426972,0.1136485280999108,0.5631532828440884,0.8076387953862035,10797.0,4968.0,637.0,10310.0,1,3,2,100,0.7924646735191345,79.01692123390237
100,Escenario 2,SVM,2.2643373999962932,0.9991389637616053,0.9994314951677089,0.9994788458805136,0.9994551699632832,0.9994788458805136,0.9978590544157002,0.9994314951677089,0.0021409455842997323,0.9994693753790176,0.999440964951345,21096.0,5593.0,12.0,11.0,1,3,2,100,0.7924646735191345,79.01692123390237
100,Escenario 1,Árbol de Decisión,22.038109499997518,0.9113881401617251,0.9365605221518988,0.9458676654182272,0.9411910854928073,0.9458676654182272,0.8081351876775834,0.9365605221518988,0.19186481232241662,0.9439914676448308,0.9384072690520308,18941.0,5404.0,1283.0,1084.0,1,4,2,0,,74.96630727762803
100,Escenario 1,KNN,11.924058700002206,0.9444444444444444,0.9720454198278935,0.9533083645443196,0.9625857200484066,0.9533083645443196,0.917900403768506,0.9720454198278935,0.08209959623149395,0.9569977641644692,0.9682393158925148,19090.0,6138.0,549.0,935.0,1,4,2,0,,74.96630727762803
100,Escenario 1,Naïve Bayes,0.17795769999793265,0.6077044025157232,0.9310874277456648,0.5148064918851436,0.6630221564781169,0.5148064918851436,0.885898011066248,0.9310874277456648,0.11410198893375205,0.565359978940903,0.8014709312269681,10309.0,5924.0,763.0,9716.0,1,4,2,0,,74.96630727762803
100,Escenario 1,SVM,2.0240391999977874,0.999026654687032,0.9996502273522211,0.9990511860174781,0.9993506169139318,0.9990511860174781,0.9989531927620756,0.9996502273522211,0.0010468072379243307,0.9991709368413693,0.9995303616215514,20006.0,6680.0,7.0,19.0,1,4,2,0,,74.96630727762803
100,Escenario 2,Árbol de Decisión,27.348363200006133,0.9208595387840671,0.9457998401729892,0.9544139272330534,0.9500873589271379,0.9544139272330534,0.7952406322145267,0.9457998401729892,0.20475936778547327,0.9526785798838983,0.9475101956241229,20120.0,4478.0,1153.0,961.0,1,4,2,100,0.7919776439666748,78.91958670260557
100,Escenario 2,KNN,11.883229999999458,0.951707097933513,0.9757223210422575,0.9627626772923485,0.9691991786447639,0.9627626772923485,0.9103178831468656,0.9757223210422575,0.08968211685313443,0.9653269916765755,0.9731025554969555,20296.0,5126.0,505.0,785.0,1,4,2,100,0.7919776439666748,78.91958670260557
100,Escenario 2,Naïve Bayes,0.18173850000312086,0.5968852949985025,0.9461026040314906,0.5187609695934728,0.6700980392156862,0.5187609695934728,0.8893624578227668,0.9461026040314906,0.11063754217723318,0.5702783600846866,0.8122762452278027,10936.0,5008.0,623.0,10145.0,1,4,2,100,0.7919776439666748,78.91958670260557
100,Escenario 2,SVM,2.1968511000013677,0.9991764001197964,0.9994782031212941,0.9994782031212941,0.9994782031212941,0.9994782031212941,0.9980465281477535,0.9994782031212941,0.0019534718522464926,0.9994782031212941,0.9994782031212941,21070.0,5620.0,11.0,11.0,1,4,2,100,0.7919776439666748,78.91958670260557
100,Escenario 1,Árbol de Decisión,34.377705500002776,0.9129230308475591,0.9367402629620442,0.947268074858261,0.9419747542783017,0.947268074858261,0.8119746350095856,0.9367402629620442,0.1880253649904144,0.9451436237847796,0.9388270628835118,18880.0,5506.0,1275.0,1051.0,1,5,2,0,,74.61440551063193
100,Escenario 1,KNN,11.964041200000793,0.9473644803833483,0.971494018834309,0.9575535597812453,0.9644734182332727,0.9575535597812453,0.91741631027872,0.971494018834309,0.08258368972128005,0.9603095532812044,0.9686735491467958,19085.0,6221.0,560.0,846.0,1,5,2,0,,74.61440551063193
100,Escenario 1,Naïve Bayes,0.17107910000049742,0.6000299490865528,0.9277453973540568,0.5031358185740806,0.6524398178269356,0.5031358185740806,0.8848252470137148,0.9277453973540568,0.11517475298628521,0.5538311996730474,0.7937688983171592,10028.0,6000.0,781.0,9903.0,1,5,2,0,,74.61440551063193
100,Escenario 1,SVM,2.195990799998981,0.998989218328841,0.9991974317817014,0.9994480959309618,0.9993227481375574,0.9994480959309618,0.9976404660079634,0.9991974317817014,0.0023595339920365727,0.9993979530403372,0.999247554552295,19920.0,6765.0,16.0,11.0,1,5,2,0,,74.61440551063193
100,Escenario 2,Árbol de Decisión,31.987590799995814,0.9224693021862833,0.9458493936260224,0.9563233686611853,0.9510575446059317,0.9563233686611853,0.7968612237700582,0.9458493936260224,0.2031387762299418,0.9542100570951649,0.9479257940209352,20122.0,4519.0,1152.0,919.0,1,5,2,100,0.805675208568573,78.76984126984127
100,Escenario 2,KNN,12.124342700000852,0.9530548068283917,0.9759465050271805,0.9641652012737038,0.9700200822415607,0.9641652012737038,0.9118321283724211,0.9759465050271805,0.08816787162757891,0.9664986517517699,0.9735672671779171,20287.0,5171.0,500.0,754.0,1,5,2,100,0.805675208568573,78.76984126984127
100,Escenario 2,Naïve Bayes,0.17048699999577366,0.5884995507637018,0.9442135973830784,0.5075804381921012,0.6602373887240356,0.5075804381921012,0.8887321460059954,0.9442135973830784,0.11126785399400459,0.5593087195600943,0.80561212944105,10680.0,5040.0,631.0,10361.0,1,5,2,100,0.805675208568573,78.76984126984127
100,Escenario 2,SVM,2.0126378999993904,0.9992138364779874,0.9994772360041821,0.9995247374174231,0.9995009861464249,0.9995247374174231,0.9980603068241932,0.9994772360041821,0.001939693175806736,0.999515236773568,0.9994867359256338,21031.0,5660.0,11.0,10.0,1,5,2,100,0.805675208568573,78.76984126984127
100,Escenario 1,Árbol de Decisión,27.70674439999857,0.9224693021862833,0.9428668346578795,0.9561649221091946,0.9494693180431866,0.9561649221091946,0.8147100424328148,0.9428668346578795,0.18528995756718528,0.9534753802728556,0.9454967782064864,19457.0,5184.0,1179.0,892.0,2,1,2,0,,76.17924528301887
100,Escenario 1,KNN,12.235321599997405,0.9372192273135669,0.958861692716013,0.9587203302373581,0.958791006266126,0.9587203302373581,0.8684582743988685,0.958861692716013,0.13154172560113153,0.9587485993984785,0.9588334168853764,19509.0,5526.0,837.0,840.0,2,1,2,0,,76.17924528301887
100,Escenario 1,Naïve Bayes,0.17498619999969378,0.6144803833483079,0.9372661620116592,0.5293626222418792,0.6765906664154262,0.5293626222418792,0.8866886688668867,0.9372661620116592,0.11331133113311331,0.5798318423064087,0.8121107944693234,10772.0,5642.0,721.0,9577.0,2,1,2,0,,76.17924528301887
100,Escenario 1,SVM,2.1232549999986077,0.9995882000598981,0.999754275604482,0.9997051452159811,0.9997297098066197,0.9997051452159811,0.9992142071349992,0.999754275604482,0.0007857928650007858,0.9997149709073754,0.9997444491404646,20343.0,6358.0,5.0,6.0,2,1,2,0,,76.17924528301887
100,Escenario 2,Árbol de Decisión,32.233143700002984,0.9296570829589698,0.9511208259696773,0.9610883970111378,0.9560786330380309,0.9610883970111378,0.8065525492361495,0.9511208259696773,0.19344745076385053,0.9590782044307715,0.953097765805736,20451.0,4382.0,1051.0,828.0,2,1,2,100,0.8025332689285278,79.66082659478886
100,Escenario 2,KNN,11.99323860000004,0.944219826295298,0.9622950053730785,0.9679026270031487,0.9650906705402746,0.9679026270031487,0.8514632799558255,0.9622950053730785,0.14853672004417448,0.9667758803593725,0.9634113255559401,20596.0,4626.0,807.0,683.0,2,1,2,100,0.8025332689285278,79.66082659478886
100,Escenario 2,Naïve Bayes,0.18495049999910407,0.606581311769991,0.950929492547312,0.5336716950984539,0.6836639475030853,0.5336716950984539,0.8921406221240566,0.950929492547312,0.10785937787594331,0.5850110243359641,0.8223384071719264,11356.0,4847.0,586.0,9923.0,2,1,2,100,0.8025332689285278,79.66082659478886
100,Escenario 2,SVM,2.0235659000027226,0.9992138364779874,0.9995769881556683,0.9994360637247991,0.9995065209728586,0.9994360637247991,0.9983434566537824,0.9995769881556683,0.0016565433462175593,0.9994642454319874,0.9995488000902399,21267.0,5424.0,9.0,12.0,2,1,2,100,0.8025332689285278,79.66082659478886
100,Escenario 1,Árbol de Decisión,29.004435700000613,0.9341494459418987,0.9590253064452353,0.954261545271234,0.9566374953777887,0.954261545271234,0.8700423263834457,0.9590253064452353,0.12995767361655433,0.9552105076601946,0.9580687530243628,19403.0,5550.0,829.0,930.0,2,2,2,0,,76.11934710991315
100,Escenario 1,KNN,11.913972300004389,0.9467280622941,0.9745056709826357,0.9549992622829883,0.9646538662162498,0.9549992622829883,0.9203636933688666,0.9745056709826357,0.07963630663113341,0.9588378202216121,0.9705408998670492,19418.0,5871.0,508.0,915.0,2,2,2,0,,76.11934710991315
100,Escenario 1,Naïve Bayes,0.172772799996892,0.6084905660377359,0.9359823399558499,0.521320021639699,0.6696569587466044,0.521320021639699,0.8863458222291896,0.9359823399558499,0.11365417777081047,0.5720021153285775,0.8075206070117167,10600.0,5654.0,725.0,9733.0,2,2,2,0,,76.11934710991315
100,Escenario 1,SVM,2.3364760000040405,0.9868224019167415,0.9834970720611721,0.9994590075247135,0.9914137964679481,0.9994590075247135,0.9465433453519361,0.9834970720611721,0.05345665464806396,0.9962253051620178,0.9866485410496675,20322.0,6038.0,341.0,11.0,2,2,2,0,,76.11934710991315
100,Escenario 2,Árbol de Decisión,35.7522014999995,0.9266247379454927,0.9492682926829268,0.959250739401906,0.954233409610984,0.959250739401906,0.7981888745148771,0.9492682926829268,0.2018111254851229,0.9572374893421657,0.9512481261813205,20433.0,4319.0,1092.0,868.0,2,2,2,100,0.8020403385162354,79.74318658280922
100,Escenario 2,KNN,12.927660099994682,0.9532045522611561,0.976383939177952,0.9646495469696258,0.9704812733197941,0.9646495469696258,0.908150064683053,0.976383939177952,0.09184993531694696,0.9669738068122994,0.9740142774528114,20548.0,4914.0,497.0,753.0,2,2,2,100,0.8020403385162354,79.74318658280922
100,Escenario 2,Naïve Bayes,0.19892900000559166,0.5990566037735849,0.9498003907245391,0.5249518801934181,0.6761806857350184,0.5249518801934181,0.8907780447237109,0.9498003907245391,0.10922195527628904,0.5765284552007177,0.8174813211878409,11182.0,4820.0,591.0,10119.0,2,2,2,100,0.8020403385162354,79.74318658280922
100,Escenario 2,SVM,1.9893456999998307,0.9867475292003594,0.984278910620983,0.9993427538613211,0.9917536339918003,0.9993427538613211,0.9371650341896137,0.984278910620983,0.06283496581038625,0.9962932107721542,0.9872552384309288,21287.0,5071.0,340.0,14.0,2,2,2,100,0.8020403385162354,79.74318658280922
100,Escenario 1,Árbol de Decisión,26.476071999997657,0.9255390835579514,0.9522798503690223,0.9474425388522859,0.9498550359258793,0.9474425388522859,0.8617659979499195,0.9522798503690223,0.13823400205008055,0.9484060656100852,0.9513084404763107,18838.0,5885.0,944.0,1045.0,2,3,2,0,,74.43471099131477
100,Escenario 1,KNN,12.347740599994722,0.9450434261755016,0.9714300343044391,0.9542322587134738,0.9627543512457503,0.9542322587134738,0.9182896470932786,0.9714300343044391,0.08171035290672134,0.9576229268243441,0.9679410654341016,18973.0,6271.0,558.0,910.0,2,3,2,0,,74.43471099131477
100,Escenario 1,Naïve Bayes,0.20541439999942668,0.5998053309374064,0.9274621035989956,0.5015842679676106,0.6510641075858468,0.5015842679676106,0.8857812271196368,0.9274621035989956,0.11421877288036315,0.552306584703993,0.7928293187057794,9973.0,6049.0,780.0,9910.0,2,3,2,0,,74.43471099131477
100,Escenario 1,SVM,2.963465900000301,0.998989218328841,0.9993461422392114,0.9992958809032843,0.9993210109392682,0.9992958809032843,0.9980963537853272,0.9993461422392114,0.0019036462146727192,0.9993059327660088,0.9993360895675529,19869.0,6816.0,13.0,14.0,2,3,2,0,,74.43471099131477
100,Escenario 2,Árbol de Decisión,25.570383099999162,0.9322027553159629,0.9591083413231064,0.9543047937037921,0.956700537955768,0.9543047937037921,0.8515747346441622,0.9591083413231064,0.14842526535583783,0.9552616501145913,0.9581437670609645,20007.0,4894.0,853.0,958.0,2,3,2,100,0.7866740822792053,78.48532494758909
100,Escenario 2,KNN,12.114027499999793,0.9506588799041629,0.9741300255803852,0.9626997376580014,0.9683811534401688,0.9626997376580014,0.9067339481468593,0.9741300255803852,0.09326605185314077,0.9649642853727803,0.9718223052551497,20183.0,5211.0,536.0,782.0,2,3,2,100,0.7866740822792053,78.48532494758909
100,Escenario 2,Naïve Bayes,0.16957890000048792,0.587638514525307,0.9441171219425103,0.5044598139756737,0.657568315354245,0.5044598139756737,0.8910736036192797,0.9441171219425103,0.10892639638072038,0.5562685405314426,0.8039773159199064,10576.0,5121.0,626.0,10389.0,2,3,2,100,0.7866740822792053,78.48532494758909
100,Escenario 2,SVM,2.1483434999972815,0.9994384546271339,0.9997614503816794,0.9995230145480563,0.9996422182468694,0.9995230145480563,0.9991299808595789,0.9997614503816794,0.0008700191404210892,0.999570692615913,0.9997137541147846,20955.0,5742.0,5.0,10.0,2,3,2,100,0.7866740822792053,78.48532494758909
100,Escenario 1,Árbol de Decisión,28.832993399999395,0.925314465408805,0.9534222396548343,0.9490020008784344,0.9512069851052902,0.9490020008784344,0.8472914322456196,0.9534222396548343,0.15270856775438033,0.9498827667057445,0.9525349008082292,19446.0,5271.0,950.0,1045.0,2,4,2,0,,76.71084156933213
100,Escenario 1,KNN,11.990865799998573,0.946203953279425,0.9736972951471758,0.9556878629642283,0.9646085264635618,0.9556878629642283,0.9149654396399293,0.9736972951471758,0.08503456036007073,0.959236255339159,0.9700413120795728,19583.0,5692.0,529.0,908.0,2,4,2,0,,76.71084156933213
100,Escenario 1,Naïve Bayes,0.17790080000122543,0.606581311769991,0.9437233285917497,0.5180323068664292,0.6688931598349034,0.5180323068664292,0.8982478701173445,0.9437233285917497,0.10175212988265551,0.5694009355018668,0.8105157063665379,10615.0,5588.0,633.0,9876.0,2,4,2,0,,76.71084156933213
100,Escenario 1,SVM,2.035421699998551,0.9986522911051213,0.9991215655653701,0.9991215655653701,0.9991215655653701,0.9991215655653701,0.9971065745057065,0.9991215655653701,0.0028934254942935217,0.9991215655653701,0.9991215655653701,20473.0,6203.0,18.0,18.0,2,4,2,0,,76.71084156933213
100,Escenario 2,Árbol de Decisión,25.15395880000142,0.9350104821802935,0.9629178762056372,0.9561134356113435,0.9595035924232528,0.9561134356113435,0.8477508650519031,0.9629178762056372,0.1522491349480969,0.9574666194901209,0.961549250995867,20566.0,4410.0,792.0,944.0,2,4,2,100,0.7870681881904602,80.5256064690027
100,Escenario 2,KNN,11.97545550000359,0.9557127882599581,0.9774061722016064,0.9673640167364017,0.9723591672702633,0.9673640167364017,0.9075355632449058,0.9774061722016064,0.09246443675509419,0.9693559056732104,0.9753810961318509,20808.0,4721.0,481.0,702.0,2,4,2,100,0.7870681881904602,80.5256064690027
100,Escenario 2,Naïve Bayes,0.16981110000051558,0.5992437855645403,0.9590449485937633,0.5247326824732682,0.6783256708434748,0.5247326824732682,0.9073433294886583,0.9590449485937633,0.09265667051134178,0.5769918923616436,0.8228355641092935,11287.0,4720.0,482.0,10223.0,2,4,2,100,0.7870681881904602,80.5256064690027
100,Escenario 2,SVM,2.102213899997878,0.9991389637616053,0.9996279588894573,0.999302649930265,0.9994652779392277,0.999302649930265,0.9984621299500193,0.9996279588894573,0.0015378700499807767,0.999367694782552,0.999562880154759,21495.0,5194.0,8.0,15.0,2,4,2,100,0.7870681881904602,80.5256064690027
100,Escenario 1,Árbol de Decisión,30.449043300002813,0.9182015573525008,0.9442070275403609,0.951663077291218,0.9479203908950066,0.951663077291218,0.7980058449372529,0.9442070275403609,0.20199415506274712,0.9501624617737003,0.9456888762067818,19885.0,4642.0,1175.0,1010.0,2,5,2,0,,78.22327044025157
100,Escenario 1,KNN,11.635260899995046,0.95020964360587,0.9743490277845125,0.9616654702081838,0.9679657016233922,0.9616654702081838,0.9090596527419632,0.9743490277845125,0.09094034725803679,0.9641756955174036,0.9717856210161819,20094.0,5288.0,529.0,801.0,2,5,2,0,,78.22327044025157
100,Escenario 1,Naïve Bayes,0.16513560000021243,0.6010407307577119,0.9444347977079354,0.5206030150753769,0.6712121679573011,0.5206030150753769,0.8899776517105037,0.9444347977079354,0.11002234828949631,0.571936318324255,0.812191079188257,10878.0,5177.0,640.0,10017.0,2,5,2,0,,78.22327044025157
100,Escenario 1,SVM,2.0148754000038025,0.9993261455525606,0.9995214624108724,0.999617133285475,0.9995692955589587,0.999617133285475,0.9982809008079766,0.9995214624108724,0.0017190991920233798,0.9995979976454148,0.9995405951207373,20887.0,5807.0,10.0,8.0,2,5,2,0,,78.22327044025157
100,Escenario 2,Árbol de Decisión,33.12817019999784,0.9300688828990715,0.953860086031243,0.9612594113620808,0.9575454545454546,0.9612594113620808,0.7875755680633729,0.953860086031243,0.21242443193662705,0.9597703767825414,0.9553308239989116,21066.0,3778.0,1019.0,849.0,2,5,2,100,0.8047567009925842,82.04177897574124
100,Escenario 2,KNN,11.981403199999477,0.9578466606768493,0.9787224243540736,0.9697011179557381,0.9741908865865958,0.9697011179557381,0.9036898061288305,0.9787224243540736,0.09631019387116949,0.9714920501403455,0.9769047597157225,21251.0,4335.0,462.0,664.0,2,5,2,100,0.8047567009925842,82.04177897574124
100,Escenario 2,Naïve Bayes,0.17681970000558067,0.5942647499251272,0.9590551181102362,0.5279945242984257,0.6810476751030018,0.5279945242984257,0.8970189701897019,0.9590551181102362,0.10298102981029811,0.5801453998495864,0.8244389027431421,11571.0,4303.0,494.0,10344.0,2,5,2,100,0.8047567009925842,82.04177897574124
100,Escenario 2,SVM,1.9336736000041128,0.9994010182689428,0.9997717832854078,0.9994980606890258,0.9996349032493611,0.9994980606890258,0.9989576818845112,0.9997717832854078,0.0010423181154888472,0.9995527932170596,0.9997170267729185,21904.0,4792.0,5.0,11.0,2,5,2,100,0.8047567009925842,82.04177897574124
200,Escenario 1,Árbol de Decisión,64.8109786999994,0.9276355196166517,0.9471997704337844,0.959823592129495,0.9534698986592206,0.959823592129495,0.8183613030602171,0.9471997704337844,0.18163869693978282,0.9572719802793755,0.9496978996835139,19805.0,4974.0,1104.0,829.0,1,1,2,0,,77.24618149146451
200,Escenario 1,KNN,21.116695100005018,0.9498727163821503,0.9740087456394635,0.9607444024425705,0.9673311049845073,0.9607444024425705,0.9129647910496874,0.9740087456394635,0.08703520895031261,0.9633682900990388,0.9713266566058444,19824.0,5549.0,529.0,810.0,1,1,2,0,,77.24618149146451
200,Escenario 1,Naïve Bayes,0.33298569999897154,0.5998802036537886,0.9377640845070423,0.51628380343123,0.6659373632556105,0.51628380343123,0.8836788417242514,0.9377640845070423,0.1163211582757486,0.5672765613018659,0.8061415988134516,10653.0,5371.0,707.0,9981.0,1,1,2,0,,77.24618149146451
200,Escenario 1,SVM,3.8577987999960897,0.9989143456124588,0.9993698802772527,0.999224580788989,0.9992972252514237,0.999224580788989,0.997861138532412,0.9993698802772527,0.0021388614675880223,0.9992536373065031,0.9993408169991663,20618.0,6065.0,13.0,16.0,1,1,2,0,,77.24618149146451
200,Escenario 2,Árbol de Decisión,72.72039499999664,0.9484875711290806,0.9716668996691364,0.9644756926777371,0.9680579414086077,0.9644756926777371,0.8806204594541528,0.9716668996691364,0.11937954054584723,0.9659054060314078,0.97022009213159,20851.0,4485.0,608.0,768.0,1,1,2,100,0.7972514033317566,80.93366277328542
200,Escenario 2,KNN,20.57730580000498,0.9575471698113207,0.9765505048155213,0.9708589666497063,0.9736964186305437,0.9708589666497063,0.9010406440212055,0.9765505048155213,0.09895935597879442,0.9719919606553733,0.9754068648864682,20989.0,4589.0,504.0,630.0,1,1,2,100,0.7972514033317566,80.93366277328542
200,Escenario 2,Naïve Bayes,0.31996600000275066,0.5870020964360587,0.9489441099143414,0.517554003422915,0.6697994612391499,0.517554003422915,0.8817985470253289,0.9489441099143414,0.11820145297467112,0.5693162506233018,0.8133550441242748,11189.0,4491.0,602.0,10430.0,1,1,2,100,0.7972514033317566,80.93366277328542
200,Escenario 2,SVM,3.722412199997052,0.9987271638215034,0.999675910921802,0.9987510985707017,0.9992132907584803,0.9987510985707017,0.9986255645002945,0.999675910921802,0.0013744354997054782,0.9989359241267638,0.9994908114613711,21592.0,5086.0,7.0,27.0,1,1,2,100,0.7972514033317566,80.93366277328542
200,Escenario 1,Árbol de Decisión,57.45434960000421,0.9261380652890087,0.9484597450270351,0.9534257504737209,0.950936264392112,0.9534257504737209,0.8439471312706518,0.9484597450270351,0.15605286872934815,0.952428393524284,0.9494488032575231,19120.0,5619.0,1039.0,934.0,1,2,2,0,,75.07487271638215
200,Escenario 1,KNN,20.837903799998458,0.932277628032345,0.9572910922853276,0.9522788471127954,0.9547783916206285,0.9522788471127954,0.8720336437368579,0.9572910922853276,0.1279663562631421,0.9532770927968851,0.9562844266399599,19097.0,5806.0,852.0,957.0,1,2,2,0,,75.07487271638215
200,Escenario 1,Naïve Bayes,0.3272032000022591,0.6052710392333034,0.9353598242080206,0.5094245537049965,0.6596074380165289,0.5094245537049965,0.8939621507960348,0.9353598242080206,0.10603784920396515,0.5604687397134016,0.8013554642151172,10216.0,5952.0,706.0,9838.0,1,2,2,0,,75.07487271638215
200,Escenario 1,SVM,3.7657388000006904,0.9987646001796945,0.9991523310895039,0.999202154183704,0.9991772420155077,0.999202154183704,0.9974466806848904,0.9991523310895039,0.0025533193151096424,0.9991921891673564,0.9991622953108483,20038.0,6641.0,17.0,16.0,1,2,2,0,,75.07487271638215
200,Escenario 2,Árbol de Decisión,59.04551580000407,0.9461665169212339,0.969458694922568,0.9618952476095334,0.9656621615167869,0.9618952476095334,0.8880688806888068,0.969458694922568,0.11193111931119311,0.9633984810512574,0.9679365048971268,20220.0,5054.0,637.0,801.0,1,2,2,100,0.8012666702270508,78.69496855345912
200,Escenario 2,KNN,20.56784080000216,0.9400269541778976,0.960449566083369,0.9634651063222491,0.9619549729267598,0.9634651063222491,0.8534528202424881,0.960449566083369,0.14654717975751186,0.962860484354052,0.9610511630555476,20253.0,4857.0,834.0,768.0,1,2,2,100,0.8012666702270508,78.69496855345912
200,Escenario 2,Naïve Bayes,0.3068531999961124,0.593628331835879,0.9485527709142252,0.5113457970600828,0.6644824282137669,0.5113457970600828,0.8975575470040414,0.9485527709142252,0.10244245299595853,0.5632703110589419,0.8100348158977528,10749.0,5108.0,583.0,10272.0,1,2,2,100,0.8012666702270508,78.69496855345912
200,Escenario 2,SVM,3.1665546000003815,0.9991764001197964,0.9994291965942064,0.999524285238571,0.9994767386547426,0.999524285238571,0.9978914074855034,0.9994291965942064,0.0021085925144965737,0.9995052660622032,0.9994482128756671,21011.0,5679.0,12.0,10.0,1,2,2,100,0.8012666702270508,78.69496855345912
200,Escenario 1,Árbol de Decisión,65.67534219999652,0.9177523210542079,0.9407727883037446,0.9495081308974102,0.9451202757724877,0.9495081308974102,0.8245433117265764,0.9407727883037446,0.1754566882734237,0.9477481088121837,0.9425069748903946,18918.0,5597.0,1191.0,1006.0,1,3,2,0,,74.58820005989817
200,Escenario 1,KNN,20.803599599996232,0.9469152440850555,0.9725257889898887,0.9558321622164224,0.9641067179668911,0.9558321622164224,0.9207424867413082,0.9725257889898887,0.0792575132586918,0.9591248816454804,0.9691405772910475,19044.0,6250.0,538.0,880.0,1,3,2,0,,74.58820005989817
200,Escenario 1,Naïve Bayes,0.35544169999775477,0.6013027852650494,0.9276886183361004,0.5048183095763903,0.6538386530585711,0.5048183095763903,0.8845020624631703,0.9276886183361004,0.1154979375368297,0.5554573770129669,0.7945711938317639,10058.0,6004.0,784.0,9866.0,1,3,2,0,,74.58820005989817
200,Escenario 1,SVM,3.980498199998692,0.998989218328841,0.999247252471521,0.9993977113029512,0.9993224762239341,0.9993977113029512,0.9977902180318209,0.999247252471521,0.00220978196817914,0.9993676159119882,0.9992773406134575,19912.0,6773.0,15.0,12.0,1,3,2,0,,74.58820005989817
200,Escenario 2,Árbol de Decisión,61.2913303000023,0.9243411200958371,0.9469549992902097,0.9569625095638867,0.9519324533238197,0.9569625095638867,0.8067241379310345,0.9469549992902097,0.19327586206896552,0.9549441215487541,0.9489397215583627,20012.0,4679.0,1121.0,900.0,1,3,2,100,0.7890698313713074,78.2869122491764
200,Escenario 2,KNN,20.613385700002254,0.9517819706498952,0.9754336660529122,0.9626530221882172,0.9690012033694344,0.9626530221882172,0.9125862068965517,0.9754336660529122,0.08741379310344828,0.965182287171816,0.9728504600634037,20131.0,5293.0,507.0,781.0,1,3,2,100,0.7890698313713074,78.2869122491764
200,Escenario 2,Naïve Bayes,0.36738559999503195,0.5917565139263252,0.9433761630482942,0.5090856924254017,0.6613038481846135,0.5090856924254017,0.8898275862068965,0.9433761630482942,0.11017241379310345,0.5607112384523822,0.8058802155877187,10646.0,5161.0,639.0,10266.0,1,3,2,100,0.7890698313713074,78.2869122491764
200,Escenario 2,SVM,4.36313859999791,0.9989517819706499,0.9994260570116702,0.9992348890589136,0.9993304638928743,0.9992348890589136,0.9979310344827587,0.9994260570116702,0.0020689655172413794,0.9992731167986534,0.9993878175696358,20896.0,5788.0,12.0,16.0,1,3,2,100,0.7890698313713074,78.2869122491764
200,Escenario 1,Árbol de Decisión,69.56012370000099,0.9335504642108415,0.958836304863882,0.9518652226233454,0.9553380469516645,0.9518652226233454,0.879580378250591,0.958836304863882,0.12041962174940898,0.9532513181019332,0.9574339318135969,18984.0,5953.0,815.0,960.0,1,4,2,0,,74.66307277628033
200,Escenario 1,KNN,20.68628069999977,0.9443695717280622,0.9722165370446173,0.952717609306057,0.9623683144246353,0.952717609306057,0.9197695035460993,0.9722165370446173,0.08023049645390071,0.956554571083367,0.9682531593966571,19001.0,6225.0,543.0,943.0,1,4,2,0,,74.66307277628033
200,Escenario 1,Naïve Bayes,0.3246634000024642,0.596136567834681,0.9275308180799402,0.4979943842759727,0.6480490669450607,0.4979943842759727,0.8853427895981087,0.9275308180799402,0.11465721040189125,0.5488263118341364,0.791066649675035,9932.0,5992.0,776.0,10012.0,1,4,2,0,,74.66307277628033
200,Escenario 1,SVM,3.9434805999990203,0.9985774183887391,0.999097382408986,0.9989971921379863,0.9990472847615705,0.9989971921379863,0.9973404255319149,0.999097382408986,0.0026595744680851063,0.9990172285846086,0.9990773427471117,19924.0,6750.0,18.0,20.0,1,4,2,0,,74.66307277628033
200,Escenario 2,Árbol de Decisión,56.95573390000209,0.940251572327044,0.9630816316771077,0.9606926489529171,0.9618856569709128,0.9606926489529171,0.8657157766568099,0.9630816316771077,0.13428422334319012,0.9611694968643509,0.9626028850841721,20139.0,4977.0,772.0,824.0,1,4,2,100,0.7955877184867859,78.47783767595088
200,Escenario 2,KNN,20.841466499994567,0.9509583707696915,0.9751922239953577,0.961980632543052,0.9685413764948849,0.961980632543052,0.9107670899286833,0.9751922239953577,0.08923291007131676,0.9645942352029542,0.9725209540987085,20166.0,5236.0,513.0,797.0,1,4,2,100,0.7955877184867859,78.47783767595088
200,Escenario 2,Naïve Bayes,0.3612167999963276,0.5873390236597784,0.94311697574893,0.5046033487573344,0.6574474035861898,0.5046033487573344,0.8890241781179336,0.94311697574893,0.11097582188206645,0.5563386207767071,0.8034697008826166,10578.0,5111.0,638.0,10385.0,1,4,2,100,0.7955877184867859,78.47783767595088
200,Escenario 2,SVM,4.400298799999291,0.9985774183887391,0.9992365319463664,0.9989505318895197,0.9990935114503817,0.9989505318895197,0.997216907288224,0.9992365319463664,0.002783092711775961,0.9990077188027746,0.9991793188346327,20941.0,5733.0,16.0,22.0,1,4,2,100,0.7955877184867859,78.47783767595088
200,Escenario 1,Árbol de Decisión,69.01918190000288,0.9216457023060797,0.9431090532952419,0.9532984814538212,0.9481763933939139,0.9532984814538212,0.82571299230421,0.9431090532952419,0.17428700769578995,0.9512430198128018,0.9451294758769115,19147.0,5472.0,1155.0,938.0,1,5,2,0,,75.19092542677448
200,Escenario 1,KNN,20.91163119999692,0.9371443545971848,0.9576785359061071,0.9587752053771471,0.9582265568631354,0.9587752053771471,0.8715859363211106,0.9576785359061071,0.12841406367888938,0.9585556705957311,0.9578976690510063,19257.0,5776.0,851.0,828.0,1,5,2,0,,75.19092542677448
200,Escenario 1,Naïve Bayes,0.36150930000439985,0.610587002096436,0.936367733213159,0.5172516803584765,0.6663887107119949,0.5172516803584765,0.8934661234344349,0.936367733213159,0.10653387656556511,0.5681084923716301,0.8057860854727371,10389.0,5921.0,706.0,9696.0,1,5,2,0,,75.19092542677448
200,Escenario 1,SVM,3.9988972999999532,0.9988769092542678,0.9991040764521427,0.9994025392083644,0.9992532855436081,0.9994025392083644,0.9972838388411046,0.9991040764521427,0.002716161158895428,0.9993428323923889,0.999163754741212,20073.0,6609.0,18.0,12.0,1,5,2,0,,75.19092542677448
200,Escenario 2,Árbol de Decisión,63.93961770000169,0.9292078466606768,0.9499649614576033,0.9612366455516688,0.9555675650273737,0.9612366455516688,0.8073047858942065,0.9499649614576033,0.19269521410579346,0.9589609605644165,0.9521981006612097,20334.0,4487.0,1071.0,820.0,1,5,2,100,0.8100813627243042,79.19287211740041
200,Escenario 2,KNN,20.654830699997547,0.9419736448038335,0.9614877589453861,0.9653966152973433,0.9634382223899608,0.9653966152973433,0.852824757106873,0.9614877589453861,0.14717524289312703,0.9646123035066505,0.9622669958723636,20422.0,4740.0,818.0,732.0,1,5,2,100,0.8100813627243042,79.19287211740041
200,Escenario 2,Naïve Bayes,0.3213395999991917,0.5988694219826295,0.9511625896793154,0.5201853077432164,0.6725544723894509,0.5201853077432164,0.8983447283195394,0.9511625896793154,0.1016552716804606,0.5720226646566512,0.8159572890404865,11004.0,4993.0,565.0,10150.0,1,5,2,100,0.8100813627243042,79.19287211740041
200,Escenario 2,SVM,3.4862827000033576,0.9987271638215034,0.999149177538287,0.9992436418644228,0.9991964074686835,0.9992436418644228,0.9967614249730119,0.999149177538287,0.0032385750269881253,0.9992247475702455,0.999168068974645,21138.0,5540.0,18.0,16.0,1,5,2,100,0.8100813627243042,79.19287211740041
200,Escenario 1,Árbol de Decisión,59.50492210000084,0.9236298292902066,0.9451296494124503,0.9553352311769903,0.9502050380785003,0.9553352311769903,0.8217103187125276,0.9451296494124503,0.17828968128747238,0.9532765207170144,0.9471532846715328,19464.0,5208.0,1130.0,910.0,2,1,2,0,,76.27283617849656
200,Escenario 1,KNN,20.664393999999447,0.9495357891584306,0.975079904115062,0.9583292431530381,0.9666320114857171,0.9583292431530381,0.9212685389712844,0.975079904115062,0.07873146102871569,0.9616331757289204,0.9716830894794466,19525.0,5839.0,499.0,849.0,2,1,2,0,,76.27283617849656
200,Escenario 1,Naïve Bayes,0.3282318999990821,0.5943396226415094,0.9377639067376538,0.5014233827427113,0.6534476141742357,0.5014233827427113,0.8930261912275166,0.9377639067376538,0.10697380877248343,0.5528736876285312,0.7987490226739641,10216.0,5660.0,678.0,10158.0,2,1,2,0,,76.27283617849656
200,Escenario 1,SVM,4.085901300000842,0.9872342018568434,0.9844271412680756,0.9990674388927064,0.9916932596039073,0.9990674388927064,0.9491953297570211,0.9844271412680756,0.050804670242978855,0.9961046460415178,0.9873207737529346,20355.0,6016.0,322.0,19.0,2,1,2,0,,76.27283617849656
200,Escenario 2,Árbol de Decisión,65.26741049999691,0.9401392632524708,0.9653203736906671,0.95948037330582,0.9623915139826422,0.95948037330582,0.8636110595657821,0.9653203736906671,0.13638894043421784,0.9606427135961535,0.9641466931827821,20459.0,4654.0,735.0,864.0,2,1,2,100,0.806749165058136,79.82554657082959
200,Escenario 2,KNN,20.857855299997027,0.956648697214735,0.978228904804819,0.9672184964592224,0.9726925435079942,0.9672184964592224,0.9148264984227129,0.978228904804819,0.08517350157728706,0.969400705052879,0.9760068146325304,20624.0,4930.0,459.0,699.0,2,1,2,100,0.806749165058136,79.82554657082959
200,Escenario 2,Naïve Bayes,0.3267974000045797,0.5834082060497154,0.9500308996203761,0.504666322750082,0.6591730474732006,0.504666322750082,0.894971237706439,0.9500308996203761,0.10502876229356095,0.5568780467609891,0.8075070162536957,10761.0,4823.0,566.0,10562.0,2,1,2,100,0.806749165058136,79.82554657082959
200,Escenario 2,SVM,3.675109900003008,0.9992887091943695,0.9994373593398349,0.9996717159874314,0.9995545239267544,0.9996717159874314,0.9977732417888291,0.9994373593398349,0.002226758211170904,0.9996248358656913,0.9994842218783702,21316.0,5377.0,12.0,7.0,2,1,2,100,0.806749165058136,79.82554657082959
200,Escenario 1,Árbol de Decisión,68.64826380000159,0.935759209344115,0.9616149562450278,0.9534608558469729,0.9575205465887712,0.9534608558469729,0.879900435594275,0.9616149562450278,0.12009956440572496,0.9550805941845765,0.9599729976571497,19340.0,5656.0,772.0,944.0,2,2,2,0,,75.93590895477688
200,Escenario 1,KNN,20.565816099995573,0.933812518718179,0.957818217782613,0.9548905541313351,0.9563521453611811,0.9548905541313351,0.8672993154947106,0.957818217782613,0.13270068450528935,0.9554746541960181,0.9572312497528961,19369.0,5575.0,853.0,915.0,2,2,2,0,,75.93590895477688
200,Escenario 1,Naïve Bayes,0.36259160000190604,0.5984201856843366,0.933188287553259,0.5074935910076908,0.6574485071052212,0.5074935910076908,0.8853453640323584,0.933188287553259,0.11465463596764157,0.5584428266082221,0.7991243323810707,10294.0,5691.0,737.0,9990.0,2,2,2,0,,75.93590895477688
200,Escenario 1,SVM,3.7107396999999764,0.9984651093141659,0.998915561689752,0.9990633011240386,0.9989894259446402,0.9990633011240386,0.9965774735532047,0.998915561689752,0.003422526446795271,0.999033749741183,0.9989451060809212,20265.0,6406.0,22.0,19.0,2,2,2,0,,75.93590895477688
200,Escenario 2,Árbol de Decisión,65.32040490000509,0.9280098831985625,0.950053530698692,0.9600188146754468,0.955010177105023,0.9600188146754468,0.8031914893617021,0.950053530698692,0.19680851063829788,0.9580090684640876,0.952030002238973,20410.0,4379.0,1073.0,850.0,2,2,2,100,0.8035189509391785,79.58969751422582
200,Escenario 2,KNN,20.8498299999992,0.9545522611560348,0.97660485021398,0.9660395108184384,0.9712934499881769,0.9660395108184384,0.9097578870139399,0.97660485021398,0.09024211298606016,0.968134250966343,0.9744733345985955,20538.0,4960.0,492.0,722.0,2,2,2,100,0.8035189509391785,79.58969751422582
200,Escenario 2,Naïve Bayes,0.34357059999456396,0.5891359688529499,0.9472128011131403,0.5123236124176858,0.6649775634176868,0.5123236124176858,0.8886647101980925,0.9472128011131403,0.11133528980190756,0.564124343529558,0.8097418817651957,10892.0,4845.0,607.0,10368.0,2,2,2,100,0.8035189509391785,79.58969751422582
200,Escenario 2,SVM,3.953903599998739,0.9991389637616053,0.9996706037362948,0.999247412982126,0.9994589635623721,0.999247412982126,0.9987160674981658,0.9996706037362948,0.0012839325018341892,0.9993320224666247,0.9995859369118422,21244.0,5445.0,7.0,16.0,2,2,2,100,0.8035189509391785,79.58969751422582
200,Escenario 1,Árbol de Decisión,59.77898619999905,0.9174902665468703,0.9410536779324056,0.9489775461106656,0.9449990017967658,0.9489775461106656,0.8245562130177515,0.9410536779324056,0.17544378698224852,0.9473821151228885,0.9426278476979448,18934.0,5574.0,1186.0,1018.0,2,3,2,0,,74.69302186283319
200,Escenario 1,KNN,20.705072400000063,0.9335130278526504,0.956179098484088,0.9547413793103449,0.9554596980488539,0.9547413793103449,0.8708579881656805,0.956179098484088,0.12914201183431953,0.9550285771583275,0.9558912083500603,19049.0,5887.0,873.0,903.0,2,3,2,0,,74.69302186283319
200,Escenario 1,Naïve Bayes,0.32780360000469955,0.602538185085355,0.928643585269538,0.5068163592622293,0.6557504620472747,0.5068163592622293,0.8850591715976331,0.928643585269538,0.11494082840236687,0.5574605554759253,0.796120173836367,10112.0,5983.0,777.0,9840.0,2,3,2,0,,74.69302186283319
200,Escenario 1,SVM,3.861524500003725,0.9871967654986523,0.9837675152950464,0.9993484362469928,0.9914967677772253,0.9993484362469928,0.9513313609467455,0.9837675152950464,0.048668639053254435,0.9961928934010152,0.9868447101678809,19939.0,6431.0,329.0,13.0,2,3,2,0,,74.69302186283319
200,Escenario 2,Árbol de Decisión,59.44878310000058,0.9238544474393531,0.9465379180405087,0.9571782414023055,0.9518283440697234,0.9571782414023055,0.8015040223854495,0.9465379180405087,0.19849597761455054,0.9550310818774594,0.948647015503144,20095.0,4583.0,1135.0,899.0,2,3,2,100,0.7915170788764954,78.59389038634322
200,Escenario 2,KNN,20.65595100000064,0.9405884995507637,0.9604270462633452,0.9641326093169477,0.9622762604292947,0.9641326093169477,0.8541448058761805,0.9604270462633452,0.1458551941238195,0.9633892109546791,0.9611658783976295,20241.0,4884.0,834.0,753.0,2,3,2,100,0.7915170788764954,78.59389038634322
200,Escenario 2,Naïve Bayes,0.32080100000166567,0.5907457322551662,0.9437290527429881,0.5096694293607698,0.6618829642459483,0.5096694293607698,0.888422525358517,0.9437290527429881,0.11157747464148303,0.5613026417944897,0.8063786814578121,10700.0,5080.0,638.0,10294.0,2,3,2,100,0.7915170788764954,78.59389038634322
200,Escenario 2,SVM,3.733457599999383,0.9871593291404612,0.9843332238847976,0.9995713060874536,0.991893744239359,0.9995713060874536,0.9415879678209164,0.9843332238847976,0.0584120321790836,0.9964860629659528,0.9873435588595088,20985.0,5384.0,334.0,9.0,2,3,2,100,0.7915170788764954,78.59389038634322
200,Escenario 1,Árbol de Decisión,60.10855110000557,0.9369197364480384,0.9606948329162373,0.9567979669631512,0.9587424401949022,0.9567979669631512,0.87184,0.9606948329162373,0.12816,0.9575748090034922,0.9599129223950263,19578.0,5449.0,801.0,884.0,2,4,2,0,,76.60227613057802
200,Escenario 1,KNN,20.609333100001095,0.9463536987121893,0.9734759890520029,0.9560160297136154,0.9646670118598516,0.9560160297136154,0.91472,0.9734759890520029,0.08528,0.9594577361859078,0.9699331627694809,19562.0,5717.0,533.0,900.0,2,4,2,0,,76.60227613057802
200,Escenario 1,Naïve Bayes,0.3713229999993928,0.5946765498652291,0.9403162416598118,0.502785651451471,0.6552240231824985,0.502785651451471,0.89552,0.9403162416598118,0.10448,0.5543760575068165,0.8009217450876592,10288.0,5597.0,653.0,10174.0,2,4,2,0,,76.60227613057802
200,Escenario 1,SVM,3.859972199999902,0.9866352201257862,0.983688591637396,0.9991203205942724,0.9913444053824706,0.9991203205942724,0.94576,0.983688591637396,0.05424,0.9959953620251191,0.9867366835917138,20444.0,5911.0,339.0,18.0,2,4,2,0,,76.60227613057802
200,Escenario 2,Árbol de Decisión,47.17514939999819,0.9341494459418987,0.9529828109201214,0.9657212053467468,0.9593097226398946,0.9657212053467468,0.8048082427017744,0.9529828109201214,0.19519175729822552,0.9631463555117891,0.9555035344644849,20735.0,4218.0,1023.0,736.0,2,4,2,100,0.7872353792190552,80.3796046720575
200,Escenario 2,KNN,20.81632830000308,0.9565363881401617,0.9770293122886133,0.9687019700992036,0.9728478215112608,0.9687019700992036,0.9066971951917573,0.9770293122886133,0.0933028048082427,0.970356063150823,0.9753524098927998,20799.0,4752.0,489.0,672.0,2,4,2,100,0.7872353792190552,80.3796046720575
200,Escenario 2,Naïve Bayes,0.33460390000254847,0.5854672057502246,0.9554134548002803,0.5079875180475991,0.6633016085383282,0.5079875180475991,0.9028811295554283,0.9554134548002803,0.09711887044457165,0.5604830421377184,0.8123184627988381,10907.0,4732.0,509.0,10564.0,2,4,2,100,0.7872353792190552,80.3796046720575
200,Escenario 2,SVM,3.5100807000053464,0.9864854746930218,0.9842187356638223,0.9992082343626286,0.991656844392059,0.9992082343626286,0.9343636710551422,0.9842187356638223,0.06563632894485785,0.9961739195037239,0.9871805490369306,21454.0,4897.0,344.0,17.0,2,4,2,100,0.7872353792190552,80.3796046720575
200,Escenario 1,Árbol de Decisión,67.97419470000023,0.9377807726864331,0.9623069498069498,0.9576849183477426,0.9599903707270101,0.9576849183477426,0.8674473862864902,0.9623069498069498,0.13255261371350985,0.9586057692307692,0.9613789778206364,19939.0,5111.0,781.0,881.0,2,5,2,0,,77.9424977538185
200,Escenario 1,KNN,20.84990950000065,0.9509958071278826,0.9740972930942314,0.9627281460134486,0.9683793511607122,0.9627281460134486,0.9095383570943653,0.9740972930942314,0.09046164290563476,0.9649806946089334,0.9718020324257234,20044.0,5359.0,533.0,776.0,2,5,2,0,,77.9424977538185
200,Escenario 1,Naïve Bayes,0.31549819999781903,0.5954627133872417,0.9414565332392876,0.5128722382324687,0.6640134320004974,0.5128722382324687,0.8873048200950441,0.9414565332392876,0.11269517990495587,0.5642451015620046,0.8066416873149211,10678.0,5228.0,664.0,10142.0,2,5,2,0,,77.9424977538185
200,Escenario 1,SVM,3.7474225999976625,0.9877957472297095,0.9852258736622787,0.9993275696445725,0.9922266202489389,0.9993275696445725,0.9470468431771895,0.9852258736622787,0.05295315682281059,0.9964750282572463,0.9880142840861604,20806.0,5580.0,312.0,14.0,2,5,2,0,,77.9424977538185
200,Escenario 2,Árbol de Decisión,66.94311759999982,0.944743935309973,0.9665841584158416,0.9657873042044518,0.9661855670103093,0.9657873042044518,0.8505535055350554,0.9665841584158416,0.14944649446494465,0.9659465699208444,0.9664246823956443,21087.0,4149.0,729.0,747.0,2,5,2,100,0.8043649792671204,81.73854447439352
200,Escenario 2,KNN,20.689672300002712,0.9573599880203654,0.9780549780549781,0.9695887148484016,0.9738034453414292,0.9695887148484016,0.9026240262402624,0.9780549780549781,0.0973759737597376,0.9712702214147421,0.9763499179072813,21170.0,4403.0,475.0,664.0,2,5,2,100,0.8043649792671204,81.73854447439352
200,Escenario 2,Naïve Bayes,0.35388249999959953,0.5840071877807727,0.9550161262943473,0.5153430429605202,0.6694431223227034,0.5153430429605202,0.8913489134891349,0.9550161262943473,0.10865108651086511,0.5676062874553562,0.815811606391926,11252.0,4348.0,530.0,10582.0,2,5,2,100,0.8043649792671204,81.73854447439352
200,Escenario 2,SVM,3.5722430999958306,0.9876460017969452,0.9855491329479769,0.9995419987175964,0.992496248124062,0.9995419987175964,0.9343993439934399,0.9855491329479769,0.06560065600656007,0.9967117281695287,0.9883162756996648,21824.0,4558.0,320.0,10.0,2,5,2,100,0.8043649792671204,81.73854447439352
