Dimension,Escenario,Algoritmo,Metrica,N,Media,Desv_std,IC95_inf,IC95_sup
50,Escenario 1,KNN,Exactitud,10,0.9411687631027255,0.006358458876546561,0.9366201956340574,0.9457173305713935
50,Escenario 1,KNN,Precisión,10,0.9636084734153464,0.008167460564827325,0.957765824096054,0.9694511227346387
50,Escenario 1,KNN,Recall,10,0.9576540624325173,0.002827471002771807,0.9556314115242527,0.9596767133407819
50,Escenario 1,KNN,F1-score,10,0.9606035076294605,0.004149981143257559,0.9576347899589831,0.9635722252999378
50,Escenario 1,KNN,Valor F2,10,0.9588272693087827,0.002642084643249504,0.9569372358130751,0.9607173028044903
50,Escenario 1,KNN,Valor F0.5,10,0.9623997323566785,0.006477236650955316,0.9577661963868114,0.9670332683265457
50,Escenario 1,Naïve Bayes,Exactitud,10,0.6098345312967954,0.006703546496770595,0.6050391030158352,0.6146299595777557
50,Escenario 1,Naïve Bayes,Precisión,10,0.9344605585883758,0.004517044754074732,0.93122925942897,0.9376918577477817
50,Escenario 1,Naïve Bayes,Recall,10,0.5149600027625969,0.010545344869928914,0.5074163174840509,0.5225036880411429
50,Escenario 1,Naïve Bayes,F1-score,10,0.6639583828256488,0.00950665864267737,0.6571577289129038,0.6707590367383938
50,Escenario 1,Naïve Bayes,Valor F2,10,0.5657385194978547,0.0103900967272046,0.5583058920503456,0.5731711469453638
50,Escenario 1,Naïve Bayes,Valor F0.5,10,0.8034921843408442,0.007077147827738863,0.798429497767696,0.8085548709139925
50,Escenario 1,SVM,Exactitud,10,0.9970088349805332,0.005174061957377171,0.9933075340274033,1.0
50,Escenario 1,SVM,Precisión,10,0.9965562392008774,0.006665836385156919,0.9917877871086849,1.0
50,Escenario 1,SVM,Recall,10,0.9995601764045521,0.00013688117872649874,0.9994622575080526,0.9996580953010515
50,Escenario 1,SVM,F1-score,10,0.998045851379666,0.0033601576559030744,0.9956421393953655,1.0
50,Escenario 1,SVM,Valor F2,10,0.9989514432914619,0.0013551815628591046,0.9979820048016266,0.9999208817812972
50,Escenario 1,SVM,Valor F0.5,10,0.997149155738577,0.0053495186819002335,0.9933223406058606,1.0
50,Escenario 1,Árbol de Decisión,Exactitud,10,0.9206349206349206,0.008431320223528806,0.9146035174865691,0.9266663237832721
50,Escenario 1,Árbol de Decisión,Precisión,10,0.9444159904972349,0.008952486958751319,0.9380117671256798,0.95082021386879
50,Escenario 1,Árbol de Decisión,Recall,10,0.9499638802117023,0.003936162023106612,0.9471481195254535,0.9527796408979511
50,Escenario 1,Árbol de Decisión,F1-score,10,0.947165669682853,0.005562446861180412,0.9431865349066128,0.9511448044590932
50,Escenario 1,Árbol de Decisión,Valor F2,10,0.9488387266206997,0.004193258914647361,0.9458390498975836,0.9518384033438158
50,Escenario 1,Árbol de Decisión,Valor F0.5,10,0.9455100836463931,0.0075133747202516905,0.9401353391531156,0.9508848281396706
50,Escenario 2,KNN,Exactitud,10,0.9460392333033841,0.005644887531477567,0.9420011240243139,0.9500773425824544
50,Escenario 2,KNN,Precisión,10,0.9655200427078823,0.006625219050274045,0.9607806465067004,0.9702594389090642
50,Escenario 2,KNN,Recall,10,0.9659338487273524,0.002004315692941032,0.9645000476546617,0.9673676498000432
50,Escenario 2,KNN,F1-score,10,0.9657166721910879,0.0035925458916926316,0.963146719677449,0.9682866247047268
50,Escenario 2,KNN,Valor F2,10,0.9658445197830277,0.002222365087132312,0.9642547355703595,0.9674343039956959
50,Escenario 2,KNN,Valor F0.5,10,0.9655962214563913,0.005369259137964679,0.9617552848521023,0.9694371580606804
50,Escenario 2,Naïve Bayes,Exactitud,10,0.5998015873015873,0.007030363564109471,0.5947723681745171,0.6048308064286575
50,Escenario 2,Naïve Bayes,Precisión,10,0.9485290084632376,0.004156107515464042,0.9455559082500938,0.9515021086763814
50,Escenario 2,Naïve Bayes,Recall,10,0.5195072918608266,0.010234355198793675,0.5121860751912127,0.5268285085304404
50,Escenario 2,Naïve Bayes,F1-score,10,0.6712852449984847,0.009151990681816326,0.6647383052608683,0.6778321847361012
50,Escenario 2,Naïve Bayes,Valor F2,10,0.5711588712184774,0.010065127941079992,0.5639587124363475,0.5783590300006073
50,Escenario 2,Naïve Bayes,Valor F0.5,10,0.8140226657030952,0.006668174861810236,0.8092525407654793,0.8187927906407112
50,Escenario 2,SVM,Exactitud,10,0.9982517220724768,0.003900655747618338,0.9954613610456039,1.0
50,Escenario 2,SVM,Precisión,10,0.9982130607763378,0.004797381357183774,0.9947812208919015,1.0
50,Escenario 2,SVM,Recall,10,0.999618026407173,0.00019889103745899348,0.9994757483299911,0.9997603044843549
50,Escenario 2,SVM,F1-score,10,0.9989097722223279,0.002408413193746049,0.9971868972117508,1.0
50,Escenario 2,SVM,Valor F2,10,0.9993333227090361,0.0009674193464570143,0.9986412725985784,1.0
50,Escenario 2,SVM,Valor F0.5,10,0.9984903769679148,0.0038454930623324337,0.995739476948913,1.0
50,Escenario 2,Árbol de Decisión,Exactitud,10,0.9301362683438155,0.007670440907035499,0.9246491654691277,0.9356233712185033
50,Escenario 2,Árbol de Decisión,Precisión,10,0.9542784714680215,0.008015247340833908,0.9485447089296929,0.96001223400635
50,Escenario 2,Árbol de Decisión,Recall,10,0.9571051364867167,0.002567209968254399,0.9552686651068492,0.9589416078665842
50,Escenario 2,Árbol de Decisión,F1-score,10,0.95567768774757,0.004772124010539612,0.9522639158804821,0.9590914596146579
50,Escenario 2,Árbol de Decisión,Valor F2,10,0.956530749253691,0.0031629631878704713,0.9542681016939168,0.9587933968134651
50,Escenario 2,Árbol de Decisión,Valor F0.5,10,0.9548347897824758,0.006681732576986576,0.9500549662396793,0.9596146133252723
100,Escenario 1,KNN,Exactitud,10,0.9446203953279426,0.006250963864250338,0.9401487251586781,0.9490920654972071
100,Escenario 1,KNN,Precisión,10,0.9702148359960028,0.0068205211697654955,0.965335729074892,0.9750939429171136
100,Escenario 1,KNN,Recall,10,0.9563864778259639,0.0034190775401483024,0.9539406170955695,0.9588323385563582
100,Escenario 1,KNN,F1-score,10,0.9632410185621787,0.004259276815393369,0.9601941154778463,0.9662879216465111
100,Escenario 1,KNN,Valor F2,10,0.9591141861410521,0.003424842393853411,0.956664201482748,0.9615641707993563
100,Escenario 1,KNN,Valor F0.5,10,0.9674107883033948,0.005696069488285076,0.9633360656580613,0.9714855109487283
100,Escenario 1,Naïve Bayes,Exactitud,10,0.6055780173704702,0.008812564307508985,0.5992738886337831,0.6118821461071574
100,Escenario 1,Naïve Bayes,Precisión,10,0.9359468583248391,0.006275728937034609,0.9314574722897315,0.9404362443599468
100,Escenario 1,Naïve Bayes,Recall,10,0.5155416618234041,0.01162162745439019,0.5072280503652878,0.5238552732815204
100,Escenario 1,Naïve Bayes,F1-score,10,0.6648090884139245,0.010601584947203022,0.6572251714077082,0.6723930054201408
100,Escenario 1,Naïve Bayes,Valor F2,10,0.5664058874112784,0.011475182341263697,0.5581970364761828,0.574614738346374
100,Escenario 1,Naïve Bayes,Valor F0.5,10,0.8046457337586649,0.008292099275947167,0.7987139232766217,0.810577544240708
100,Escenario 1,SVM,Exactitud,10,0.9979372566636717,0.0039157329115169,0.9951361100834815,1.0
100,Escenario 1,SVM,Precisión,10,0.9978809804277293,0.005058389143358263,0.9942624268209409,1.0
100,Escenario 1,SVM,Recall,10,0.999431669370221,0.00023701384500355744,0.9992621198793871,0.9996012188610549
100,Escenario 1,SVM,F1-score,10,0.9986498868491411,0.002549512568913097,0.9968260754261101,1.0
100,Escenario 1,SVM,Valor F2,10,0.9991173912766959,0.001037805410983524,0.9983749900088951,0.9998597925444966
100,Escenario 1,SVM,Valor F0.5,10,0.9981870176256459,0.004058825095826016,0.9952835090632197,1.0
100,Escenario 1,Árbol de Decisión,Exactitud,10,0.9233790056903264,0.007233694068753085,0.9182043326825648,0.9285536786980879
100,Escenario 1,Árbol de Decisión,Precisión,10,0.9488931403714534,0.008112612744037408,0.9430897268195406,0.9546965539233663
100,Escenario 1,Árbol de Decisión,Recall,10,0.9502509972090255,0.0032537941116576354,0.9479233731206446,0.9525786212974064
100,Escenario 1,Árbol de Decisión,F1-score,10,0.9495572395819114,0.004814743227495409,0.946112979763647,0.9530014994001758
100,Escenario 1,Árbol de Decisión,Valor F2,10,0.9499699132853084,0.0034616900395395144,0.9474935694091939,0.952446257161423
100,Escenario 1,Árbol de Decisión,Valor F0.5,10,0.9491552427119041,0.0067226093069821715,0.9443461777180118,0.9539643077057964
100,Escenario 2,KNN,Exactitud,10,0.9517258161126086,0.005384281677185613,0.9478741330311427,0.9555774991940746
100,Escenario 2,KNN,Precisión,10,0.9733927003101398,0.006569497705562455,0.9686931647577073,0.9780922358625723
100,Escenario 2,KNN,Recall,10,0.9658099583395281,0.002606413463918033,0.9639454424682994,0.9676744742107568
100,Escenario 2,KNN,F1-score,10,0.969574943063326,0.003531159468407196,0.9670489037515172,0.9721009823751349
100,Escenario 2,KNN,Valor F2,10,0.9673096738371818,0.002468637699429014,0.9655437168105557,0.9690756308638079
100,Escenario 2,KNN,Valor F0.5,10,0.9718592099890129,0.0052771634098591,0.9680841546998344,0.9756342652781913
100,Escenario 2,Naïve Bayes,Exactitud,10,0.5955937406409104,0.009798433880776542,0.5885843632966,0.6026031179852208
100,Escenario 2,Naïve Bayes,Precisión,10,0.9502483156547774,0.005699949515169902,0.9461708174054165,0.9543258139041383
100,Escenario 2,Naïve Bayes,Recall,10,0.5196544749979547,0.01202414441940346,0.5110529202491458,0.5282560297467636
100,Escenario 2,Naïve Bayes,F1-score,10,0.671825882328059,0.010945238133056244,0.6639961306420837,0.6796556340140342
100,Escenario 2,Naïve Bayes,Valor F2,10,0.571420809652493,0.011877345229774464,0.5629242687177761,0.5799173505872098
100,Escenario 2,Naïve Bayes,Valor F0.5,10,0.815093426344397,0.008342848925886466,0.8091253117497942,0.8210615409389997
100,Escenario 2,SVM,Exactitud,10,0.9980196166516923,0.00396253825659525,0.9951849875446639,1.0
100,Escenario 2,SVM,Precisión,10,0.9980981527418422,0.0048576182089476415,0.9946232220095027,1.0
100,Escenario 2,SVM,Recall,10,0.9994410060447423,9.469094415323848e-05,0.9993732682239094,0.9995087438655752
100,Escenario 2,SVM,F1-score,10,0.9987638454710804,0.0024644258810169045,0.9970009013978421,1.0
100,Escenario 2,SVM,Valor F2,10,0.9991687489187504,0.001013044162473908,0.9984440607810714,0.9998934370564294
100,Escenario 2,SVM,Valor F0.5,10,0.9983630702953976,0.0039045083087533433,0.995569953312311,1.0
100,Escenario 2,Árbol de Decisión,Exactitud,10,0.9290618448637318,0.005868545024409887,0.9248637406525204,0.9332599490749431
100,Escenario 2,Árbol de Decisión,Precisión,10,0.9538164042122446,0.007172428562070508,0.9486855579077862,0.9589472505167029
100,Escenario 2,Árbol de Decisión,Recall,10,0.9573810473052886,0.002530023930912602,0.9555711772140393,0.959190917396538
100,Escenario 2,Árbol de Decisión,F1-score,10,0.9555802006057927,0.003586541291966504,0.9530145435240356,0.9581458576875499
100,Escenario 2,Árbol de Decisión,Valor F2,10,0.9566562357092842,0.002259043785753013,0.9550402131362556,0.9582722582823127
100,Escenario 2,Árbol de Decisión,Valor F0.5,10,0.9545175033987068,0.005673222471063842,0.9504591245249233,0.9585758822724902
200,Escenario 1,KNN,Exactitud,10,0.942479035639413,0.007478057664556467,0.9371295554458258,0.9478285158330003
200,Escenario 1,KNN,Precisión,10,0.9670371202393403,0.00847873031087979,0.9609718019575897,0.9731024385210909
200,Escenario 1,KNN,Recall,10,0.9567053578776774,0.00338942201951787,0.9542807114287662,0.9591300043265886
200,Escenario 1,KNN,F1-score,10,0.9618301303776112,0.005196526145189973,0.9581127595125924,0.96554750124263
200,Escenario 1,KNN,Valor F2,10,0.9587455344098608,0.0037784675285088077,0.9560425815693561,0.9614484872503655
200,Escenario 1,KNN,Valor F0.5,10,0.9649443231762123,0.007092392839692077,0.9598707309784816,0.9700179153739429
200,Escenario 1,Naïve Bayes,Exactitud,10,0.5998614854746931,0.0052304500947484315,0.5961198468780798,0.6036031240713063
200,Escenario 1,Naïve Bayes,Precisión,10,0.9346079632803812,0.005149143626590194,0.9309244878272651,0.9382914387334973
200,Escenario 1,Naïve Bayes,Recall,10,0.5077163954043638,0.006337831845311273,0.5031825836249395,0.512250207183788
200,Escenario 1,Naïve Bayes,F1-score,10,0.6579705270497492,0.005983694920895627,0.653690049564865,0.6622510045346335
200,Escenario 1,Naïve Bayes,Valor F2,10,0.5587535711015501,0.006308496057768414,0.5542407448803368,0.5632663973227634
200,Escenario 1,Naïve Bayes,Valor F0.5,10,0.8000477953302086,0.005213609949305991,0.7963182034479352,0.803777387212482
200,Escenario 1,SVM,Exactitud,10,0.9941449535789157,0.005972170229009506,0.9898727203619614,0.9984171867958701
200,Escenario 1,SVM,Precisión,10,0.9931995606251954,0.007690977469650813,0.987697766778616,0.9987013544717749
200,Escenario 1,SVM,Recall,10,0.9992151244124576,0.0001492497785212135,0.9991083575526779,0.9993218912722374
200,Escenario 1,SVM,F1-score,10,0.9961847992753226,0.0038760009420598647,0.9934120752338712,0.9989575233167739
200,Escenario 1,SVM,Valor F2,10,0.9979975182828926,0.0015624744502762016,0.9968797913944848,0.9991152451713005
200,Escenario 1,SVM,Valor F0.5,10,0.9943883108091407,0.006171698243147872,0.9899733438493379,0.9988032777689435
200,Escenario 1,Árbol de Decisión,Exactitud,10,0.9278301886792452,0.007778134562609991,0.922266046404313,0.9333943309541773
200,Escenario 1,Árbol de Decisión,Precisión,10,0.950917772823676,0.0089256318412073,0.9445327604459166,0.9573027852014353
200,Escenario 1,Árbol de Decisión,Recall,10,0.9540177696023315,0.0034668737937392437,0.9515377174918515,0.9564978217128116
200,Escenario 1,Árbol de Decisión,F1-score,10,0.9524498276555347,0.005440390504859386,0.9485580067367063,0.956341648574363
200,Escenario 1,Árbol de Decisión,Valor F2,10,0.9533862628789318,0.0038892523276996896,0.9506040593672493,0.9561684663906143
200,Escenario 1,Árbol de Decisión,Valor F0.5,10,0.9515263115764231,0.007467632761538087,0.946184288909204,0.9568683342436421
200,Escenario 2,KNN,Exactitud,10,0.9507973944294701,0.007218630976732631,0.9456334969086106,0.9559612919503295
200,Escenario 2,KNN,Precisión,10,0.9719458811518281,0.007763674659200041,0.96639208286866,0.9774996794349963
200,Escenario 2,KNN,Recall,10,0.966003564454278,0.0030351592215647353,0.9638323423444112,0.9681747865641449
200,Escenario 2,KNN,F1-score,10,0.9689545714589739,0.004770209706497523,0.9655421690025026,0.9723669739154452
200,Escenario 2,KNN,Valor F2,10,0.9671791722430312,0.0034337017781030077,0.9647228499630215,0.9696354945230409
200,Escenario 2,KNN,Valor F0.5,10,0.970744479340533,0.006507748020533411,0.9660891168517275,0.9753998418293385
200,Escenario 2,Naïve Bayes,Exactitud,10,0.5891359688529499,0.004769508918699165,0.5857240677098698,0.59254786999603
200,Escenario 2,Naïve Bayes,Precisión,10,0.948655494387624,0.004463388148105549,0.945462578851849,0.9518484099233989
200,Escenario 2,Naïve Bayes,Recall,10,0.5112764074945607,0.00519440970474486,0.5075605506398304,0.514992264349291
200,Escenario 2,Naïve Bayes,F1-score,10,0.6644365919611037,0.004878494611224966,0.6609467271502233,0.6679264567719841
200,Escenario 2,Naïve Bayes,Valor F2,10,0.5632053447246096,0.005161220261002376,0.5595132301676659,0.5668974592815533
200,Escenario 2,Naïve Bayes,Valor F0.5,10,0.8100454714200318,0.0042803057934761015,0.8069835251110025,0.8131074177290611
200,Escenario 2,SVM,Exactitud,10,0.9953878406708595,0.005732119206253233,0.9912873296108191,0.9994883517308999
200,Escenario 2,SVM,Precisión,10,0.9950125929585057,0.007126426220030134,0.9899146547471168,1.0
200,Escenario 2,SVM,Recall,10,0.9992945114759365,0.00029104572322557733,0.9990863099078738,0.9995027130439992
200,Escenario 2,SVM,F1-score,10,0.9971370736469769,0.003542787531075135,0.9946027161202355,0.9996714311737183
200,Escenario 2,SVM,Valor F2,10,0.9984275342332163,0.0013804528216743574,0.9974400177738648,0.9994150506925678
200,Escenario 2,SVM,Valor F0.5,10,0.9958584772102268,0.005698467046552053,0.9917820394550295,0.9999349149654241
200,Escenario 2,Árbol de Decisión,Exactitud,10,0.9359351602276129,0.009236191018149214,0.9293279871979157,0.9425423332573102
200,Escenario 2,Árbol de Decisión,Precisión,10,0.9582605978782455,0.009870028250873526,0.9512000050068575,0.9653211907496334
200,Escenario 2,Árbol de Decisión,Recall,10,0.9613448683290514,0.003183817610904396,0.9590673024137399,0.9636224342443629
200,Escenario 2,Árbol de Decisión,F1-score,10,0.9597831103055094,0.005971589469497956,0.9555112925388823,0.9640549280721366
200,Escenario 2,Árbol de Decisión,Valor F2,10,0.9607154255430521,0.003995034040171577,0.9578575503528275,0.9635733007332767
200,Escenario 2,Árbol de Decisión,Valor F0.5,10,0.958864923211749,0.008270628990687113,0.9529484716465397,0.9647813747769582
