id_registro,etiqueta_humana,evento,texto_para_anotacion,texto_limpio,etiqueta_silver_hashtag,Pseudo_E1,Pseudo_E2,Árbol de Decisión_E1,KNN_E1,Naïve Bayes_E1,SVM_E1,Árbol de Decisión_E2,KNN_E2,Naïve Bayes_E2,SVM_E2,acierto_silver,acierto_pseudo_E1,acierto_pseudo_E2,desacuerdo_silver_pseudoE2
55337e7df77a06eb566b,1,Muerte Cruzada,decision disolver #asambleanacional detener plan macabro viabilizar retorno presidente sentenciado corrupcion senalo #guillermolasso entrevista @cnnee segun dijo #muertecruzada acto generosidad,plan macabro retorno presidente sentenciado corrupcion senalo @cnnee acto generosidad,1,1,1,1,1,1,1,1,1,1,1,True,True,True,False
86b56344b4bb3082168e,1,Muerte Cruzada,voz chillona viviana veloz morir otitis aguda #muertecruzada,voz chillona viviana veloz otitis aguda,1,1,1,1,1,1,1,1,1,1,1,True,True,True,False
b76c4e3b67b1e85ef762,1,Paro Nacional,guayaquil respalda @lassoguillermo bajes brazos sigue adelante #ecuadorquierepaz paz logra,guayaquil @lassoguillermo bajes brazos paz,1,1,1,1,1,0,1,1,1,1,1,True,True,True,False
d7a1bfae104a67c8ce33,0,Muerte Cruzada,atenci n publicacion medio comunicacion queremos indicar jugador emmanuel martinez est planes @csemelec #tribunaelectrica #emelec,publicacion comunicacion jugador emmanuel martinez est planes @csemelec,0,0,0,0,0,0,0,0,0,0,0,True,True,True,False
afb18cc6644d1bf32220,1,Muerte Cruzada,legisladores presentes instala sesion @asambleaecuador da inicio #juiciopolitico presidente @lassoguillermo,legisladores presentes instala @asambleaecuador inicio presidente @lassoguillermo,1,1,1,1,1,1,1,1,1,1,1,True,True,True,False
cf3fd1487b6f092d2ee2,1,Muerte Cruzada,seguro lasso suficientemente miserable hacer perder dias vacaciones funcionarios publicos obligarlos defenderle ademas hacerles pagar bus #fueralassofuera #juiciopoliticoalasso,seguro lasso suficientemente miserable vacaciones funcionarios publicos obligarlos hacerles bus,1,1,1,1,1,1,1,1,1,1,1,True,True,True,False
2cb3b2de83a5d678f520,1,Paro Nacional,#conaie alerta actitud beligerante gobierno excepcion #radiovision,alerta actitud beligerante gobierno,1,1,1,1,1,0,1,1,1,0,1,True,True,True,False
641aa04c58673ed90f01,1,Paro Nacional,#ecuador firmo acta pone fin #paronacionalec dias iza solo pacificar pais aceptam,firmo acta pais aceptam,1,1,1,1,1,0,1,1,1,0,1,True,True,True,False
9669e372f7a620f8b220,1,Muerte Cruzada,feo quedaron asambleistas virados psc pk anunciaron decision juicio mal vistos aire #muertecruzada,feo asambleistas virados psc decision juicio vistos aire,1,1,1,1,1,1,1,1,1,1,1,True,True,True,False
6eae7a0e0fd3eb0aae2b,0,Paro Nacional,rodrigo aguirre #copaecuadorecuabet,aguirre,0,1,1,1,1,0,1,1,1,0,1,True,False,False,True
9db969eead32bd855712,0,Muerte Cruzada,salud vida ultimas noticias ennedi massif africa s remote geological wonder seguros ecuador contactenos #seguros #ecuador #vida,salud vida ultimas noticias massif africa remote geological wonder seguros ecuador contactenos,0,1,1,1,1,1,1,1,1,1,1,True,False,False,True
9fc747b5418a6300f1b8,1,Muerte Cruzada,muerte cruzada ecuador quedamos asamblea ganaban alcanzaba espero ahora si alcance mensuales sbu felicidad prueben pueblo #asambleanacional #lassoajuiciopolitico #lasso,muerte cruzada ecuador asamblea mensuales felicidad pueblo,1,1,1,1,1,1,1,1,1,1,1,True,True,True,False
a1822f12db0d6945bc06,1,Muerte Cruzada,@lassoguillermo altura ecuador merece descabellado juicio politico #juiciosinpruebas #losbuenossomosmas,@lassoguillermo altura ecuador descabellado juicio politico,1,1,1,1,1,1,1,1,1,1,1,True,True,True,False
9e9e9d95d825120724a0,1,Muerte Cruzada,interesante analisis estrategia comunicacional politica supuesto torno ambiente digital #muertecruzada,interesante analisis estrategia comunicacional politica torno ambiente digital,1,1,1,1,1,1,1,1,1,1,1,True,True,True,False
d56f64b618644f36dbf7,1,Muerte Cruzada,pobre hombre apoyenlo ex asambleista desempleado #ecuador #asambleanacional #lasso #almeida #desempleo,pobre hombre apoyenlo asambleista desempleado,1,1,1,1,1,0,1,1,1,1,1,True,True,True,False
bb1ae7eeff4fe3ac2a64,0,Muerte Cruzada,video arquero millonario dio balance complicado momento equipo pidio paciencia aficionados #emelec reclaman resultados mas detalles,video arquero millonario balance complicado momento equipo pidio aficionados resultados detalles,0,0,0,0,0,1,0,0,0,1,0,True,True,True,False
7393b0432bcb794bf0d5,1,Muerte Cruzada,#cnerindecuentas cumpliendo establecido #codigodemocracia #cne otorgo asistencia tecnica procesos electorales internos instancias publicas privadas acuerdo leyes estatutos reglamentos,establecido otorgo asistencia tecnica procesos electorales internos instancias publicas privadas leyes estatutos reglamentos,1,1,1,1,1,1,1,1,1,1,1,True,True,True,False
7d5ae0c364d0054e7a8c,1,Paro Nacional,salchipapas internet jodidos #efectolasso #paronacional dictador @mashirafael,salchipapas jodidos dictador @mashirafael,1,1,1,1,1,0,1,1,1,0,1,True,True,True,False
4ee90950440fc760cbf3,1,Paro Nacional,#ecuadordesperto #ecuadorquierepaz #ecuadordelasoportunidades vamos lasso cara lasso ahuev cara,lasso cara lasso ahuev cara,1,1,1,1,1,1,1,1,1,1,1,True,True,True,False
d9f2fabe3e4f0dd46f9d,1,Paro Nacional,#paronacional,,1,0,0,0,0,0,0,0,0,0,0,True,False,False,True
6181e65451a62a6807ef,1,Muerte Cruzada,@lassoguillermo presidente ahora debe hacer necesario sacar vestigio correismo hagalo inicie #cne garantizar unas elecciones reales quiere pais #democracia #elecciones #fueraasambleacorrupta #fueracorrupcion,@lassoguillermo presidente necesario vestigio correismo hagalo elecciones reales pais,1,1,1,1,1,1,1,1,1,1,1,True,True,True,False
5724ad792478cc38f33d,1,Paro Nacional,#paronacional guillermo lasso manda detener dirigentes velocidad increible encarcela,guillermo lasso dirigentes velocidad increible encarcela,1,1,1,1,1,1,1,1,1,1,1,True,True,True,False
f08bbd8e33da78e02293,1,Muerte Cruzada,@lassoguillermo @asambleaecuador queremos largues mas #lassodestruyoecuador,@lassoguillermo @asambleaecuador largues,1,1,1,1,1,0,1,1,1,0,1,True,True,True,False
f324103132c46145b839,1,Paro Nacional,firmen rapido apuren ir victor #paronacionalecuador #ecuadorquierepaz,firmen rapido victor,1,1,1,1,1,0,1,0,1,0,1,True,True,True,False
45d6dbcace45bbbe0a48,1,Paro Nacional,#paronacionalec dias protestas saqueos comercios destruccion bienes publicos privados reg,protestas saqueos comercios destruccion bienes publicos privados reg,1,1,1,1,1,1,1,1,1,1,1,True,True,True,False
5e28b6632c90b2c46619,1,Muerte Cruzada,ineptitud ego poquisima capacidad liderazgo cuerda floja @lassoguillermo ejercio cargo nunca preparado realidad pais confirma #muertecruzadaya soluciona menos ud seguira frente bastante,ineptitud ego poquisima capacidad liderazgo cuerda floja @lassoguillermo ejercio cargo preparado realidad pais soluciona frente,1,1,1,1,1,1,1,1,1,1,1,True,True,True,False
f13d127ca2e3a621ef0b,0,Muerte Cruzada,sentenciada serie lautaro martinez aparecio poner ganar #inter frente #acmilan forma meterse final #championsleague,sentenciada serie lautaro martinez aparecio frente forma,0,0,0,0,0,0,0,0,0,0,0,True,True,True,False
70c88ce2083640d349b9,1,Muerte Cruzada,alvarito primera eligieron despues ver persona hizo wbds ahi si dicen conmigo sido gloria jajajajajaajajajajajjajaja #alvaritopresidente #alvaronoboa #muertecruzadaec,alvarito persona wbds gloria jajajajajaajajajajajjajaja,1,1,1,1,1,0,1,1,1,0,1,True,True,True,False
31c19c4fb9bbcad1413a,1,Paro Nacional,exteriores gobernacion riobamba rechazo lasso enorme #paronacional,exteriores gobernacion riobamba rechazo lasso enorme,1,1,1,1,1,1,1,1,1,1,1,True,True,True,False
ef748ded3346a5db617e,0,Muerte Cruzada,horripilante ver dos equipos italianos semifinal partido lento juego ganas horrible ahora recuerdo deje consumir calcio #championsleague #milaninter,horripilante equipos italianos semifinal partido lento juego ganas horrible calcio,0,0,0,0,0,1,0,1,0,1,0,True,True,True,False
69e63e8626c28e45cb80,1,Muerte Cruzada,@lassoguillermo tome palabra saque cara vacunacion primeros dias #juiciopoliticoalasso,@lassoguillermo tome palabra cara vacunacion,1,1,1,1,1,1,1,1,1,1,1,True,True,True,False
1471753d7a800228f2f0,1,Paro Nacional,@tarsigranizo aun espero postura @ecguardaparques respecto decreto #paronacionalec,@tarsigranizo postura @ecguardaparques decreto,1,1,1,1,1,0,1,1,1,0,1,True,True,True,False
4cc4ffbbe5e3c893c916,1,Muerte Cruzada,decreto ejecutivo #muertecruzada evidentemente agarro dormidos asambleistas asesores pereza aun invade cuerpo hace expresar sandeces mejor duerman mas ver si despierta cerebro tambien,decreto ejecutivo evidentemente agarro dormidos asambleistas asesores cuerpo sandeces cerebro,1,1,1,1,1,1,1,1,1,1,1,True,True,True,False
3d477428fb7396452f00,1,Muerte Cruzada,si quedaban dudas corte constitucional rechaza demandas inconstitucionalidad hechas decreto #muertecruzada decidido guillermo lasso,dudas corte constitucional demandas inconstitucionalidad hechas decreto decidido guillermo lasso,1,1,1,1,1,1,1,1,1,1,1,True,True,True,False
82cfe58ffeefb21425e4,1,Paro Nacional,mal informacion certera @leonidasizasal #paronacionalec,informacion certera @leonidasizasal,1,1,1,1,1,0,1,1,1,0,1,True,True,True,False
f128e1e3f07d2893897c,1,Paro Nacional,#ecuadorquierepaz mensaje embajadora #ecuador unidos @embajadaecuusa @ivonnebaki,mensaje embajadora unidos @embajadaecuusa @ivonnebaki,1,1,1,1,1,0,1,1,1,0,1,True,True,True,False
85132f995ca5687a3b39,1,Paro Nacional,#opini n #leonidasiza gustan politicas usan paises occidentales embargo codea ello,politicas paises occidentales codea,1,1,1,1,1,0,1,1,1,0,1,True,True,True,False
c7c8214b86de910a0e67,1,Muerte Cruzada,@lahoraecuador @karennoblecill asi senor @etorrescobo acusa cara abrazo correismo mismo pacto llevo alcaldia guayaquil verguenza #juiciosinpruebas,@lahoraecuador @karennoblecill senor @etorrescobo cara abrazo correismo pacto alcaldia guayaquil verguenza,1,1,1,1,1,1,1,1,1,1,1,True,True,True,False
55a28e12910a04482e2e,1,Muerte Cruzada,despues amplitud ideas interior #rc parte invoca guia proteccion dios defiende abiertamente aborto casos estipulados ley movimiento diverso valoran deben #muertecruzadaya,amplitud ideas interior invoca guia proteccion dios abiertamente aborto casos estipulados ley movimiento diverso,1,1,1,1,1,1,1,1,1,1,1,True,True,True,False
6a30da8bf0e4c2bac63a,1,Paro Nacional,pase malo manana #paronacional tranquilo nadie salga herido triunfe l,malo manana tranquilo herido triunfe,1,1,1,1,1,0,1,1,1,0,1,True,True,True,False
fb9695e6dda34bab16cc,1,Muerte Cruzada,pregunta suelta pasar acuerdos hizo cucal n asamble stas vendidos va gobernar vendidos pk psc id sirvi compra si igual va pobre ecuador #razonatuvoto #noalacorrupcion #eleccionesya #lassodestruyoecuador,suelta acuerdos cucal asamble stas vendidos vendidos psc sirvi pobre ecuador,1,1,1,1,1,1,1,1,1,1,1,True,True,True,False
6045ab48b34823b0b222,1,Paro Nacional,aproveche saqueo robe novia pana #paronacional,aproveche saqueo robe novia pana,1,1,1,1,1,0,1,1,1,0,1,True,True,True,False
d38c6cf5a82ef76975f3,1,Paro Nacional,luego dias #paronacional guillermo lasso anuncio mediante cadena nacional emplearan uso progresi,guillermo lasso anuncio cadena nacional emplearan progresi,1,1,1,1,1,1,1,1,1,1,1,True,True,True,False
44b48eeed1015fbc6788,1,Paro Nacional,pacificos #paronacional,pacificos,1,1,1,1,1,0,1,1,1,0,1,True,True,True,False
3b4d37239c5504ba608f,0,Muerte Cruzada,salud vida ultimas noticias cheap blood pressure drug could treat acne southampton study finds seguros ecuador contactenos #seguros #ecuador #vida,salud vida ultimas noticias cheap blood pressure could treat acne southampton seguros ecuador contactenos,0,1,1,1,1,1,1,1,1,1,1,True,False,False,True
03c310bb4cbb45cf7c8a,1,Muerte Cruzada,solo caso corrupcion gobierno decia mitomano @lassoguillermo ahi ministros profugo faltan varios delincuentes mas sigan creyendo #lasmentirasdelasso corresponsables destruccion patria #lassoseva #fueralassofuera,caso corrupcion gobierno decia mitomano @lassoguillermo ministros profugo delincuentes corresponsables destruccion patria,1,1,1,1,1,1,1,1,1,1,1,True,True,True,False
a4f783423a7aa5b6daff,1,Paro Nacional,#paronacional maquinaria mtop destinada habilitar paso #cuenca #giron #pasaje s,maquinaria destinada paso,1,1,1,1,0,0,1,1,1,0,1,True,True,True,False
5ad68775b06e9b0d1e45,1,Muerte Cruzada,circo sigue mientras aplauda payasos #asambleanacional #fueralasso #ecuador,circo aplauda payasos,1,1,1,1,1,0,1,1,1,0,1,True,True,True,False
eccdc90a0d41eac463ff,1,Muerte Cruzada,#urgente #atenci n #ultimahora presidente @lassoguillermo clamor popular #muertecruzadaya firmo decreto #muertecruzada tras verg enza #interpelacion sometido #felizmiercoles ecuador menos viejo calvo canoso pelos arrugado,presidente @lassoguillermo clamor popular decreto verg enza ecuador viejo calvo canoso pelos arrugado,1,1,1,1,1,1,1,1,1,1,1,True,True,True,False
2319f298e3de42dfb502,1,Muerte Cruzada,ecuatorianos sicologicamente manipulable importante recordar politicos estaran prometiendo oro moro vendran ser salvadores #muertecruzada,ecuatorianos sicologicamente manipulable importante politicos oro moro salvadores,1,1,1,1,1,1,1,1,1,1,1,True,True,True,False
4bad489561325b2efda5,0,Muerte Cruzada,#atencion #barcelonasc entreno miercoles cancha principal estadio banco pichincha #monumental miras partido viernes #orensesc #ligaprobet,entreno miercoles cancha principal estadio banco miras partido viernes,0,0,0,0,0,1,0,0,0,1,0,True,True,True,False
4fb74c0615353c1333eb,1,Paro Nacional,jose delgado listo divertirse saqueos guayaquil #paronacional,delgado listo saqueos guayaquil,1,1,1,1,1,0,1,1,1,0,1,True,True,True,False
012cc228459ead20088b,1,Muerte Cruzada,primer juicio pruebas duda pase pase dejara mal precedente futuro pais #juiciosinpruebas,juicio pruebas precedente futuro pais,1,1,1,1,1,1,1,1,1,1,1,True,True,True,False
0907f66b9f829d070a0d,1,Muerte Cruzada,visto espectaculo #asamblea vamos seguir observando dias mas concluya #juiciopoliticoalasso votacion #muertecruzada mira editorial @ladefensaec @martinezjg,visto espectaculo votacion mira editorial @ladefensaec @martinezjg,1,1,1,1,1,0,1,1,1,0,1,True,True,True,False
fe009d616a856c253e3c,1,Muerte Cruzada,#cne anuncia fecha maxima convocar elecciones mayo #miranoticiasahora incidentes #penitenciariadellitoral #papafrancisco pierde paciencia feligresa,fecha maxima elecciones mayo incidentes paciencia feligresa,1,1,1,1,1,1,1,1,1,1,1,True,True,True,False
b6b0d004bedb197b9a4c,1,Muerte Cruzada,parte ingenua ilusa aun espera ultima hora #lasso llame #muertecruzada parte realista cinica aposto six pack stella si reunen votos destituyen,ingenua ultima hora realista cinica aposto six pack votos,1,1,1,1,1,1,1,1,1,1,1,True,True,True,False
ebcdcd9147d241aecd8a,1,Paro Nacional,#paronacionalec guayas km altura reserva manglares churute cerrada via,guayas reserva manglares churute cerrada via,1,1,1,0,1,0,1,1,1,0,1,True,True,True,False
13636ab6d8748af2b83f,1,Muerte Cruzada,hoy #asamblea debe hacer historia puede venderse camisetazos acuerdos debajo mesa dan respaldo popular presidente #guillermolasso liquidado politicamente asi concluyo viviana veloz intervencion hora minutos,historia camisetazos acuerdos mesa respaldo popular presidente liquidado politicamente concluyo viviana veloz intervencion hora minutos,1,1,1,1,1,1,1,1,1,1,1,True,True,True,False
dcccee729f236af184f2,1,Muerte Cruzada,@yesguamani @lassoguillermo @asambleaecuador @lapoderosaec @ecuainm oficial @radiosonorama @radio pichincha @radiolacalle @laposta ecu @lahistoriaec @radioamericaec ohhh va va van @asambleaecuador van #muertecruzadaya ohhh va va van @asambleaecuador van #muertecruzadaya,@yesguamani @lassoguillermo @asambleaecuador @lapoderosaec @ecuainm oficial @radiosonorama @radio pichincha @radiolacalle @laposta ecu @lahistoriaec @radioamericaec ohhh @asambleaecuador ohhh @asambleaecuador,1,1,1,1,1,1,1,1,1,1,1,True,True,True,False
41c1f9150136506e276e,1,Paro Nacional,pena protesta social vandalismo #paronacionalec,pena protesta social vandalismo,1,1,1,1,1,1,1,1,1,1,1,True,True,True,False
babffaf35d3dd6cfa6c6,1,Muerte Cruzada,@lassoguillermo @asambleaecuador ladronasso narcolasso mit mano infeliz peor crisis narcogobierno est s mereces cloaca historia #lassoecuadornoteaguantamas #lassodestruyoecuador #fueralassofuera,@lassoguillermo @asambleaecuador ladronasso narcolasso mit mano infeliz crisis narcogobierno est mereces historia,1,1,1,1,1,1,1,1,1,1,1,True,True,True,False
8d31984776befab8c669,0,Muerte Cruzada,#atencion #barcelonasc cumple ultima practica canchas alternas estadio banco pichincha enfrentar viernes #orensesc finalizado entrenamiento equipo quedara concentrado #ligaprobet,ultima practica canchas alternas estadio banco viernes finalizado entrenamiento equipo concentrado,0,0,0,0,0,1,0,0,0,1,0,True,True,True,False
c85bd4a7be30b5929938,1,Paro Nacional,#paronacionalec #pazparaecuador #ecuadorcontaminado dado cue ta puntos conaie qu,cue puntos,1,1,1,1,1,0,1,1,1,0,1,True,True,True,False
58607ed21d2e47015991,1,Muerte Cruzada,familia q tenia cargos gobierno claramente q sueldo tenian q pagar llevar gente si sacaban puesto asi llevado personas pobre gobierno d @lassoguillermo amenazas destruccion muertes #fueralassofuera,familia tenia cargos gobierno claramente sueldo gente puesto personas pobre gobierno @lassoguillermo amenazas destruccion muertes,1,1,1,1,1,1,1,1,1,1,1,True,True,True,False
1da6a42175c883e7469a,0,Muerte Cruzada,salud vida ultimas noticias antibiotics mum told to crush up pills for strep baby seguros ecuador contactenos #seguros #ecuador #vida,salud vida ultimas noticias antibiotics mum told pills for strep baby seguros ecuador contactenos,0,1,1,1,1,1,1,1,1,1,1,True,False,False,True
3e5e04bd993c817bed7a,1,Paro Nacional,odio quiero @idec @wilmandrade #ecuador #paronacional #paronacionalec #paronacionalec,odio @idec @wilmandrade,1,1,1,1,1,0,1,1,1,0,1,True,True,True,False
5b9aa3d53ecd63144913,0,Paro Nacional,fuerza acompane joao #emelec,fuerza acompane joao,0,0,0,1,1,0,0,1,1,0,0,True,True,True,False
1eff52b9d2e7bbcfb00a,1,Muerte Cruzada,@bancadaecuador firme defensa democracia libertad institucionalidad votara #juicioilegal #juiciosinpruebas,@bancadaecuador firme defensa democracia libertad institucionalidad,1,1,1,1,1,1,1,1,1,1,1,True,True,True,False
231c36e201a142e20aa0,1,Muerte Cruzada,mas horas #muertecruzada disolvio constitucionalmente mafia asamblea dominada narcocorreismo advertencia vendria mas ataques terror lamentablemente ocurre manta,horas disolvio constitucionalmente mafia dominada narcocorreismo vendria ataques terror lamentablemente manta,1,1,1,1,1,1,1,1,1,1,1,True,True,True,False
a4e7732b7f8b6bea1003,1,Muerte Cruzada,@rtsecuador uds tambien acabo tiempo deben irse pueblo rechazamos #muertecruzada #quesevallantodos,@rtsecuador tiempo pueblo,1,1,1,1,1,0,1,1,1,0,1,True,True,True,False
9ca62dd71e9c2295c4ca,1,Muerte Cruzada,#juiciopolitico conmocion social dijo lasso verdaderamente peculado encontraron elementos corrupcion presidente responsable #lassoseva @bancadaunesec @mashirafael @rcoficial @ap kost @papachecov,conmocion social lasso verdaderamente peculado elementos corrupcion presidente responsable @bancadaunesec @mashirafael @rcoficial kost @papachecov,1,1,1,1,1,1,1,1,1,1,1,True,True,True,False
dec46a5f58b4552bf6f0,1,Muerte Cruzada,#atencion @conaie ecuador pronuncia #muertecruzada frente grave situacion politica pais escenario dictadura guillermo lasso llamamos pueblos nacionalidades mantener unidad cada estructura organizativa nivel nacional,@conaie ecuador pronuncia frente grave situacion politica pais escenario dictadura guillermo lasso pueblos nacionalidades unidad estructura organizativa nivel nacional,1,1,1,1,1,1,1,1,1,1,1,True,True,True,False
7d756b6621065bd5343e,1,Muerte Cruzada,urgente firmada muerte cruzada ecuador #ecuador #muertecruzada #guillermolasso,urgente firmada muerte cruzada ecuador,1,1,1,1,1,1,1,1,1,1,1,True,True,True,False
68aa4e584cbff28ead60,1,Muerte Cruzada,declarate dictador chucha @lassoguillermo gobierna mano dura hizo pinochet chile #muertecruzada,dictador chucha @lassoguillermo mano dura pinochet chile,1,1,1,1,1,1,1,1,1,1,1,True,True,True,False
053d99e9927f913da012,0,Paro Nacional,sd aucas eliminado ldu #copaecuadorecuabet,aucas eliminado ldu,0,0,0,0,0,0,0,0,0,0,0,True,True,True,False
baf7db7abaaba1b74a80,0,Paro Nacional,dice va cagar cancion #laacademia #domingodeacademia,cancion,0,0,0,0,0,0,0,0,0,0,0,True,True,True,False
d263922b5f3e47df3907,0,Paro Nacional,viva #parapapaconamor #felizdiadelpadre,viva,0,1,1,1,1,0,1,1,1,0,1,True,False,False,True
9c70337703c749d4bd3b,1,Muerte Cruzada,xavier hervas ex candidato presidencia ecuador interes presidente defender posicion personal lleva pais mayor deterioro #muertecruzada #ecuador,xavier hervas candidato presidencia ecuador interes posicion personal pais deterioro,1,1,1,1,1,1,1,1,1,1,1,True,True,True,False
b8aee1aa8ce1294665ba,1,Muerte Cruzada,@lassoguillermo tambien irte #guillermolasso,@lassoguillermo irte,1,1,1,1,1,0,1,1,1,0,1,True,True,True,False
5088c7d82421a5f5e51a,1,Paro Nacional,orgullosamente #paramo ecuatoriano #paronacional,orgullosamente ecuatoriano,1,1,1,1,1,0,1,1,1,0,1,True,True,True,False
0a69de33a310f3b566ff,1,Paro Nacional,menos dictadura #paronacional,dictadura,1,1,1,1,1,0,1,1,1,0,1,True,True,True,False
70f5291ce31bb006591c,1,Paro Nacional,@rusochenko #paronacionalecuador uenas #sigueme #redessociales gracias #google @bolenplc,@rusochenko uenas gracias @bolenplc,1,1,1,0,0,0,1,1,1,0,1,True,True,True,False
5e2c091780d5154ff715,1,Paro Nacional,precisamente refiero tuit previo #paronacional,precisamente refiero tuit previo,1,1,1,0,0,0,1,1,1,0,1,True,True,True,False
8be65f2643c94a0fe5ac,1,Paro Nacional,pongas mas #paroecuador prolonga placer usando productos @playsex ec #juegacontusfantasias,pongas placer productos @playsex ec,1,1,1,1,1,0,1,1,1,0,1,True,True,True,False
d264d3c164a0b985c65e,1,Muerte Cruzada,#atenci n #urgente frente disolucion asamblea @marcelaholguin indica aferramos cargos cargos siempre disposicion pueblo ecuatoriano #muertecruzadaya,frente disolucion asamblea @marcelaholguin cargos cargos disposicion pueblo ecuatoriano,1,1,1,1,1,1,1,1,1,1,1,True,True,True,False
bbc0793d22bf3ed959dc,1,Paro Nacional,todavia habra alguien presuma zapatos rojos #paronacionalec,alguien zapatos rojos,1,1,1,1,1,0,1,1,1,0,1,True,True,True,False
3a36d8e8c073c2bb1438,0,Paro Nacional,primer gol portoviejo fc minuto penal #copaecuadorecuabet,gol portoviejo minuto penal,0,0,0,0,0,0,0,0,0,0,0,True,True,True,False
afaea5c5e230b45c535e,1,Muerte Cruzada,alguien penso vivira ex asambleista luis almeida #urgente #muertecruzada #asambleadelaverguenza #guillermolasso,alguien penso asambleista luis almeida,1,1,1,1,1,1,1,1,1,1,1,True,True,True,False
814733586595c4081e2c,1,Muerte Cruzada,@ladataec @cnegobec mafiosa correista garantias cne pais tambien deben irse casa or corruptos #noalgolpe #juiciosinpruebas #juiciopoliticoalasso,@ladataec @cnegobec mafiosa correista garantias cne pais casa corruptos,1,1,1,1,1,1,1,1,1,1,1,True,True,True,False
2f10717e9fefa63f8701,0,Muerte Cruzada,salud vida ultimas noticias does your diet affect your fertility seguros ecuador contactenos #seguros #ecuador #vida,salud vida ultimas noticias does your diet affect your fertility seguros ecuador contactenos,0,1,1,1,0,1,1,1,1,1,1,True,False,False,True
c72ae787b96e363edcef,1,Muerte Cruzada,hablo miles victimas femicidio #muertecruzada,miles victimas femicidio,1,1,1,1,1,0,1,1,1,0,1,True,True,True,False
adce5edb1952c23acf5d,1,Paro Nacional,protesta social solo #ecuador #paronacionalec,protesta social,1,1,1,1,1,0,1,1,1,0,1,True,True,True,False
9c5b6343ffa07a50940f,1,Muerte Cruzada,obsesion esteban torres socialcristianos pedir mas armas si faltan armas policia unico necesario acabar delincuencia cosa psc demuestra saber #fueralassofuera #muertecruzada #juiciopoliticoalasso,obsesion torres socialcristianos armas armas policia unico necesario delincuencia cosa psc,1,1,1,1,1,1,1,1,1,1,1,True,True,True,False
788b5c2445089cb76423,1,Paro Nacional,@luciaro @ecuadorchequea @unesecuador @teleamazonasec suscribo ciudadano #muertecruzadaya,@luciaro @ecuadorchequea @unesecuador @teleamazonasec ciudadano,1,1,1,1,1,1,1,1,1,1,1,True,True,True,False
b95d97d073a910b18109,1,Paro Nacional,pais balas #paronacionalec #muertecruzadaya,pais balas,1,1,1,1,1,0,1,1,1,0,1,True,True,True,False
13999cfdbb831b6976d6,0,Muerte Cruzada,#ligaprobet macara visita cuniburo fecha serie b vivo h radio centro fm am facebook live gt gt,visita cuniburo fecha serie vivo radio centro facebook live,0,0,0,0,0,1,0,1,1,1,0,True,True,True,False
9ddc1673f5ef4049b444,1,Muerte Cruzada,humor ganas preguntar #muertecruzadaec cruzan muerte jajajajajajajjaja,humor ganas muerte jajajajajajajjaja,1,1,1,1,1,0,1,1,1,0,1,True,True,True,False
1cf141bf08df35a3ce45,1,Muerte Cruzada,#muertecruzada doritos despues,doritos,1,0,0,1,0,0,0,0,0,0,0,True,False,False,True
1cec83e211217984831e,1,Muerte Cruzada,#muertecruzada queda demostrado @lassoguillermo confia nunca confio @aborrerovega #quesevayantodos,demostrado @lassoguillermo confia confio @aborrerovega,1,1,1,1,1,1,1,1,1,1,1,True,True,True,False
d1f30c90de98f66927f5,1,Muerte Cruzada,mas da gustito ver correanos encabezados v veloz llorando quedaron camello ser amigos #muertecruzada #fueratodos,gustito correanos encabezados veloz camello amigos,1,1,1,1,1,0,1,1,1,1,1,True,True,True,False
411928b102c52effce79,1,Muerte Cruzada,estan presentando payasada lado lado #juiciopolitico pueden centrar verdaderamente importante cosas mejor #quesevayantodos,payasada verdaderamente importante cosas,1,1,1,1,1,0,1,1,1,0,1,True,True,True,False
594d7ee5343c8006f95b,1,Paro Nacional,#noticias #paronacional camara transporte cuenca informo ciudadania suspension transporte,transporte ciudadania suspension transporte,1,1,1,1,1,0,1,1,1,0,1,True,True,True,False
8eff5b21549f72b4738b,1,Paro Nacional,@leoberrezueta @sur gente @radiolacalle @conaie ecuador @telesurtv #muertecruzada #paronacionalecuador,@leoberrezueta @sur gente @radiolacalle @conaie ecuador @telesurtv,1,1,1,1,1,1,1,1,1,1,1,True,True,True,False
b90ea31b1755a8990650,1,Paro Nacional,hablare medio digital positiva tv ecuador acontecimientos relacionados #paroecuador,hablare digital positiva ecuador acontecimientos relacionados,1,1,1,1,1,0,1,1,1,0,1,True,True,True,False
4f264b31a217e2813346,1,Muerte Cruzada,#urgente francisco garc s ecuavisa informa alrededores asamblea nacional #guillermolasso #conaie #unes #juiciopoliticoalasso #asamblenacionalec,francisco garc ecuavisa alrededores asamblea nacional,1,1,1,1,1,1,1,1,1,1,1,True,True,True,False
c9bd4ea9c895993997cb,0,Paro Nacional,si dieran cada vez ana barbara menciona bandido #laacademia #domingodeacademia,ana barbara menciona bandido,0,1,1,1,0,0,1,1,0,0,1,True,False,False,True
471ee9da42159e6d4d51,1,Muerte Cruzada,ooohhh vayan quede solooo ooohhh #chaoasamblea #pobrecitoalmeida #muertecruzadaya,ooohhh solooo ooohhh,1,1,1,1,0,0,1,1,0,0,1,True,True,True,False
719c0cb1dc54d9b5bf67,1,Paro Nacional,dia #paronacional cuenca,cuenca,1,1,1,1,1,0,1,1,1,0,1,True,True,True,False
e26fd43508694b2ad8de,1,Paro Nacional,si marchas limpiara pais delincuentes narcotraficantes apoyaria ir marchar salida #paronacional,pais delincuentes narcotraficantes apoyaria salida,1,1,1,1,1,1,1,1,1,1,1,True,True,True,False
8647dc7c07f2c006c10c,1,Muerte Cruzada,momentos cruciales vive #ecuador independientemente suceda hoy #asambleanacional unamonos pais sacarlo adelante dejando lado camiseta politica empecemos combatir inseguridad educacion trabajo #urgente #juiciopoliticoalasso,momentos cruciales independientemente unamonos pais camiseta politica inseguridad educacion trabajo,1,1,1,1,1,1,1,1,1,1,1,True,True,True,False
39a0990f76c8b8239c50,0,Paro Nacional,toque salir veo afuera rubi #laacademia #domingodeacademia,veo afuera rubi,0,1,1,1,1,0,1,1,1,0,1,True,False,False,True
cdfb55f55d0be030e61b,0,Muerte Cruzada,hala mierd @ madrid finalistas #championsleague,hala mierd madrid finalistas,0,0,0,0,0,0,0,0,0,0,0,True,True,True,False
d1be67c67f75bb69997e,1,Paro Nacional,#azuay reportan cierre via chicti canton #paute #paronacionalec,cierre via chicti canton,1,1,1,0,1,0,1,1,1,0,1,True,True,True,False
7703336eb3dc374591f4,1,Paro Nacional,fuerza puyo lasso hueles formol #lassoecuadornoteaguantamas #lassoesunfracaso #lassoasesino,fuerza puyo lasso hueles,1,1,1,1,1,0,1,1,1,0,1,True,True,True,False
673cf99be1ec6a30fa12,1,Muerte Cruzada,#cnerindecuentas presidenta @dianaatamaint expone montos asignados procesos electorales desarrollaron pasado # f asi tambien detalle egresos porcentaje ejecucion presupuestaria #eleccionesec,presidenta @dianaatamaint montos asignados procesos electorales detalle egresos porcentaje ejecucion presupuestaria,1,1,1,1,1,1,1,1,1,1,1,True,True,True,False
118ed0bc2540040dd147,1,Paro Nacional,@ecuavisa @teleamazonasec @tctelevision #prensacorrupta #ecuador #paronacionalecuador,@ecuavisa @teleamazonasec @tctelevision,1,1,1,1,1,1,1,1,1,1,1,True,True,True,False
4d3ec441b7ea1c48f40a,0,Muerte Cruzada,inglaterra varios buscan moi video santiago morales gerente general #idv revelo moises caicedo pretenden varios clubes #premierleague debido excelente actuacion presente campana mas detalles,moi video santiago morales gerente general revelo moises caicedo clubes excelente actuacion presente campana detalles,0,0,0,0,0,1,0,0,0,1,0,True,True,True,False
ff0e8002d63219ec0181,0,Muerte Cruzada,invitamos leer columna #opinion jorge barraza futbol #championsleague,columna jorge futbol,0,0,0,1,0,0,0,1,0,0,0,True,True,True,False
3f224a486dae6ca935ca,1,Paro Nacional,#paronacional #noticias #ultimahora niegan habeas corpus exvicepresidente @jorgeglas,habeas corpus exvicepresidente @jorgeglas,1,1,1,1,1,0,1,1,1,0,1,True,True,True,False
c1c39527484836f7c710,1,Muerte Cruzada,arribo presidente republica comparecencia asamblea nacional juicio politico enfrenta fotos videos @drd rodriguez @ladefensaec #juiciopoliticoalasso #juicioalasso,arribo presidente republica comparecencia asamblea nacional juicio politico fotos videos @drd rodriguez @ladefensaec,1,1,1,1,1,1,1,1,1,1,1,True,True,True,False
497204442d246456268f,1,Paro Nacional,@creoecuador momento #vivalademocracia #paronacionalec #paronacional,@creoecuador momento,1,1,1,1,1,0,1,1,1,0,1,True,True,True,False
2fa4a68c585f12914592,1,Muerte Cruzada,cada ecuatorianos respaldan proceso juicio politico #lassoseva,ecuatorianos proceso juicio politico,1,1,1,1,1,1,1,1,1,1,1,True,True,True,False
0c0f9d560472ea684437,1,Muerte Cruzada,xd viviana veloz dice bien comprada correismo esplendor rata #juciopolitico #lassoajuiciopolitico #juiciosinpruebas,viviana veloz correismo esplendor rata,1,1,1,1,1,1,1,1,1,1,1,True,True,True,False
63c3d4c917f6525f67ad,1,Muerte Cruzada,solo minutos utilizo #lasso descargar #asambleanacional tres horas defensa argumentar votos destitucion #lassoseva #lassodestruyoecuador sabe #lassoesunfracasso,minutos utilizo horas defensa votos destitucion,1,1,1,1,1,1,1,1,1,1,1,True,True,True,False
d887eb86125dbf39dc7c,1,Muerte Cruzada,salga lasso solo demuestra vez mas ruin repugnante puede caer @asambleaecuador misma aceptacion verguenza parecer #juiciopolitico,lasso ruin repugnante @asambleaecuador aceptacion verguenza,1,1,1,1,1,1,1,1,1,1,1,True,True,True,False
5ce5e0b98897eb2ec87d,1,Muerte Cruzada,jajaja hizo viral #felizmiercoles #sonsatos echa vistazo video magdalena robles l #tiktok,viral vistazo video magdalena robles,0,1,1,1,1,0,1,0,1,0,1,False,True,True,True
928d02c4715c602be45c,1,Muerte Cruzada,#opini n compartimos caricatura lasso asamble stas combo despu s juicio jueves mayo realizada adrian penaherrera #juicio #lasso #asamblea #muertecruzada #nuevaselecciones #ecuador,caricatura lasso asamble stas combo despu jueves mayo realizada penaherrera,1,1,1,1,1,1,1,1,1,1,1,True,True,True,False
7f1fc5d7cb90ebf86192,1,Muerte Cruzada,#atencion disolucion #asamblea tras #muertecruzada consejo participacion asegura estara sesion permanente gente pueda #supervisar #controlar administracion publica #transparencia #democracia,disolucion consejo participacion sesion permanente gente administracion,1,1,1,1,1,1,1,1,1,1,1,True,True,True,False
9c68ffb1813d81de8685,1,Muerte Cruzada,#juiciopolitico venido aqui decirle acusadores acuso ustedes haber abandonado rol legisladores ahora antilegisladores republica crean leyes destruyen @lassoguillermo #guillermolasso #juiciopoliticoalasso,venido acusadores rol legisladores antilegisladores republica leyes @lassoguillermo,1,1,1,1,1,1,1,1,1,1,1,True,True,True,False
9bb20bd8810804b847b4,1,Paro Nacional,@ivans @leonidasizasal buena pregunta vive leonidas #izaterrorista paga viajes europa eeuu,@ivans @leonidasizasal pregunta leonidas viajes europa eeuu,1,1,1,1,1,1,1,1,1,1,1,True,True,True,False
dd6a06f612cb657207a5,1,Paro Nacional,hoy trabajamos mas ganas asi hace patria entiendelo vago terrorista @leonidasizasal #noalparo #paronacionalecuador,ganas patria entiendelo vago terrorista @leonidasizasal,1,1,1,1,1,1,1,1,1,1,1,True,True,True,False
f4e9d3ecfb8a8578f9a8,1,Muerte Cruzada,@comunicacionec @presidencia ec @lassoguillermo @asambleaecuador democracia debe seguir jp pajan apoyando presidente #juiciosinpruebas,@comunicacionec @presidencia ec @lassoguillermo @asambleaecuador democracia presidente,1,1,1,1,1,1,1,1,1,1,1,True,True,True,False
3f02ffca5843ebc7b95d,1,Muerte Cruzada,#cnerindecuentas debates electorales promueven #votoinformadoec ciudadania permitiendo electores conozcan planes gobierno participaron candidatos #eleccionesec,debates electorales ciudadania electores planes gobierno candidatos,1,1,1,1,1,1,1,1,1,1,1,True,True,True,False
f39bee8e80c0ce7b19e9,1,Paro Nacional,asi tambien marcharon paz poder volver trabajar ningun peligro #paronacionalec,paz ningun peligro,1,1,1,1,1,0,1,1,1,0,1,True,True,True,False
7a1ee5474b9873c68499,1,Muerte Cruzada,comandante general @policiaecuador @fausto ss senalo edificio @asambleaecuador permanecera bajo custodia policial perimetro haran ffaa indico procedera retiro pertenencias #muertecruzadaya,comandante general @policiaecuador @fausto senalo edificio @asambleaecuador permanecera custodia policial perimetro indico procedera retiro pertenencias,1,1,1,1,1,1,1,1,1,1,1,True,True,True,False
6648375df1819746c1f4,1,Paro Nacional,covid mentir malisimo #lassoecuadornoteaguantamas #muertecruzada,covid malisimo,1,0,1,1,1,0,0,1,1,0,1,True,False,True,False
d6d817903ce07412a89d,0,Muerte Cruzada,salud vida ultimas noticias london men s mental health group to host photo exhibition seguros ecuador contactenos #seguros #ecuador #vida,salud vida ultimas noticias london men mental health group host photo exhibition seguros ecuador contactenos,0,1,1,1,1,1,1,1,1,1,1,True,False,False,True
609463baac3f753af0d5,1,Paro Nacional,si cortan internet #gllpqtp #paronacionalec #lassorevocatoriaya,internet,1,1,1,1,1,0,1,1,1,0,1,True,True,True,False
65901039aaf6a2f7ae08,0,Muerte Cruzada,empate ambato #tecnicouniversitario #cumbaya igualaron goles cierre fecha #ligapro,empate ambato goles fecha,0,0,0,0,0,0,0,0,0,0,0,True,True,True,False
72ae47999be095ad8de2,1,Paro Nacional,atencion @ddhh alianza hora poner presion gobierno cesen ataques #paronacionalec,atencion @ddhh alianza hora presion gobierno ataques,1,1,1,1,1,1,1,1,1,1,1,True,True,True,False
221a4e60152218890bc3,1,Paro Nacional,@pamaguasy @monsieurmartinr grave denuncia pienso solo estrategia fake news desmovilizar #paronacional,@pamaguasy @monsieurmartinr grave denuncia estrategia fake news,1,1,1,1,1,1,1,1,1,1,1,True,True,True,False
47a0e5dab614305c8599,0,Muerte Cruzada,asi #entrenamientopilsener rumbo #bscvsorense #ligaprobet,rumbo,0,0,0,0,0,0,0,0,1,0,0,True,True,True,False
f0565c7e48c1310b7afb,0,Muerte Cruzada,luego ver dos partidos semifinal inter ac milan favor interistas opino manana manchester city vs real madrid verdadera final #championsleague,partidos semifinal milan favor interistas opino manana manchester city real madrid,0,0,0,0,0,1,0,0,0,1,0,True,True,True,False
9cd99b8c955f1dde80cf,1,Muerte Cruzada,@georger @vivianaveloz @mashirafael misma da motivos #muertecruzada arriga funciones fiscal juez,@georger @vivianaveloz @mashirafael motivos arriga funciones fiscal juez,1,1,1,1,1,1,1,1,1,1,1,True,True,True,False
5e25a164cf1aa6e06655,0,Paro Nacional,#diadelpadre felicidades bendicion ser padres quevedo ecuador,felicidades bendicion padres quevedo ecuador,0,1,1,1,1,0,1,1,1,0,1,True,False,False,True
711f566400db973cda77,1,Paro Nacional,#urgente #ecuador mas organizaciones sociales suman #paronacional @cidh @onu @defensoriaec,organizaciones sociales @cidh @onu @defensoriaec,1,1,1,1,1,1,1,1,1,1,1,True,True,True,False
ae518445b78c0b08e825,1,Muerte Cruzada,@asambleaecuador @lassoguillermo @jbgorg @jaimenebotsaadi @lenin @mashirafael @bancadaecuador @laposta ecu @bancadaid @bancadaunesec @bancadapkec @conaie ecuador @cynthiaviteri @jaimenebotsaadi @laecuador memes #juiciopolitico,@asambleaecuador @lassoguillermo @jbgorg @jaimenebotsaadi @lenin @mashirafael @bancadaecuador @laposta ecu @bancadaid @bancadaunesec @bancadapkec @conaie ecuador @cynthiaviteri @jaimenebotsaadi @laecuador memes,1,1,1,1,1,1,1,1,1,1,1,True,True,True,False
7e459d6e2691433df4bf,1,Paro Nacional,@mesaunidad @conaie ecuador guayaquilenos cabreados #fueralassofuera #lassoecuadornoteaguantamas,@mesaunidad @conaie ecuador guayaquilenos cabreados,1,1,1,1,1,1,1,1,1,1,1,True,True,True,False
b2282f47d9756a3a477f,1,Muerte Cruzada,todavia gente apoya muerte destruccion pais #lassodestruyoecuador,gente muerte destruccion pais,1,1,1,1,1,1,1,1,1,1,1,True,True,True,False
0969ae05ee80589132b4,0,Muerte Cruzada,guardiola resalto jugaron peso eliminacion ano pasado deseo redimirse ademas elogio mentalidad equipo afirmo hace grande club constantemente lucha titulos #manchestercity #championsleague,guardiola resalto peso eliminacion ano elogio mentalidad equipo afirmo club constantemente titulos,0,0,0,0,0,1,0,0,0,1,0,True,True,True,False
7147f4968270dc680f89,1,Paro Nacional,inicio paro #paronacional,inicio paro,1,1,1,1,1,0,1,1,1,0,1,True,True,True,False
75b6c33576a1c6811df9,1,Muerte Cruzada,#juiciopolitico apoyo incondicional gobierno ministro defensa mantiene reunion generales almirantes analizar delicada situacion pais @ffaaecuador apoyaran resoluciones presidente @lassoguillermo,apoyo incondicional gobierno ministro defensa reunion generales almirantes delicada situacion pais @ffaaecuador resoluciones presidente @lassoguillermo,1,1,1,1,1,1,1,1,1,1,1,True,True,True,False
4ae6d4830459466b5213,0,Muerte Cruzada,mayo modelo guayaquil amistoso emelec felix lasso alberto cabaleiro alianza lima teofilo cubillas #emelec #alianzalima #amistososinternacionales,mayo modelo guayaquil amistoso emelec lasso alberto cabaleiro alianza lima teofilo cubillas,0,0,1,0,0,1,0,1,1,1,1,True,True,False,True
824741ba716db9dc58de,1,Muerte Cruzada,cuida puestito super can hoy evidenciaremos asambleistas firmeza dignidad honor asambleistas vendidos #fueralassofuera @asambleaecuador,puestito super can asambleistas firmeza dignidad honor asambleistas vendidos @asambleaecuador,1,1,1,1,1,1,1,1,1,1,1,True,True,True,False
a88321e9f5598c899bf6,0,Paro Nacional,anos fundacion insutec fc #copaecuadorecuabet,anos fundacion insutec,0,0,1,1,1,0,0,1,1,0,1,True,True,False,True
c8067e1448e26f2beac2,1,Paro Nacional,imagenes pueden oler #paronacionalec,imagenes,1,1,1,1,1,0,1,1,1,0,1,True,True,True,False
97482a9ff10d6375b234,1,Muerte Cruzada,primero haria buscar bienestar #quitenos mas necesitados #mentiras mas mentiras #socialismo #ecuatorianos dar voto candidatos #rafaelcorrea #eleccionesec punto @tvcecuador @pamelasilva hacer reportaje,haria necesitados mentiras voto candidatos punto @tvcecuador @pamelasilva reportaje,1,1,1,1,1,1,1,1,1,1,1,True,True,True,False
4bd5886a647d9c537f70,0,Muerte Cruzada,fecha primera etapa #ligapro promete emocionantes enfrentamientos viernes domingo mayo,fecha etapa emocionantes enfrentamientos viernes domingo mayo,0,0,0,0,0,1,0,1,0,1,0,True,True,True,False
e74600bc12d0e80ec7d1,1,Muerte Cruzada,#atencion asi luce exteriores asamblea nacional tras decision presidente guillermo lasso aplicar #muertecruzada lugar llegado personal militar impedir ingreso asambleistas cortesia,exteriores asamblea nacional decision presidente guillermo lasso lugar llegado personal militar ingreso asambleistas cortesia,1,1,1,0,1,1,1,1,1,1,1,True,True,True,False
c481ce4a14370fa4f793,1,Muerte Cruzada,decreto publica aun registro oficial solo tecnicismo sera asamblea reune destituye parecido paso peru @lassoguillermo @asambleaecuador #autogolpe #muertecruzada,decreto registro oficial tecnicismo asamblea reune parecido paso @lassoguillermo @asambleaecuador,1,1,1,1,1,1,1,1,1,1,1,True,True,True,False
4c97cad8834e4d0dd2ba,1,Paro Nacional,#ecuadorquierepaz trabajemos hacer mejor pais dejemos intereses particulares aprovec,pais intereses particulares aprovec,1,1,1,1,1,0,1,1,1,0,1,True,True,True,False
28c4a2def15ae3ee991e,0,Muerte Cruzada,#liverpool mantiene buena racha golea leicester presiona champions derrota foxes estan seriamente comprometidos descenso #premierleague video,racha golea leicester presiona champions foxes seriamente comprometidos descenso video,0,0,0,0,0,0,0,0,0,0,0,True,True,True,False
5535cba70c6b5fc30a7f,1,Paro Nacional,#paronacional #cuenca movilizan organizaciones transportistas #azuay,organizaciones transportistas,1,1,1,1,1,0,1,1,1,0,1,True,True,True,False
eef072126d9c79211e57,1,Muerte Cruzada,existen miles millones personas mitad habla rata piensan hablan analizan mas lucidos sensatos nobles sobretodo honestos infeliz mamerto dolares tirandose pedos silla #asambleanacional,miles millones personas mitad rata lucidos sensatos nobles sobretodo honestos infeliz mamerto dolares pedos silla,1,1,1,1,1,1,1,1,1,1,1,True,True,True,False
449d9e8db27c55bb6bcf,1,Muerte Cruzada,@inclusionec #juiciosinpruebas deberian irse @asambleaecuador van destruir ecuador,@inclusionec @asambleaecuador ecuador,1,1,1,1,1,0,1,1,1,0,1,True,True,True,False
9bac989b2b96886b9094,0,Muerte Cruzada,golazo #manchestercity solito bernardo silva nadie marca pone #realmadrid,golazo solito bernardo silva marca,0,0,0,0,0,0,0,0,0,0,0,True,True,True,False
772c90fa42209047c8c0,0,Paro Nacional,#webinar famosos disenos sonrisa hora h fecha jueves junio transmitido mediante,famosos disenos sonrisa hora fecha jueves junio transmitido,0,0,1,1,1,1,0,0,1,1,1,True,True,False,True
c339f6c69bbe90cc3141,1,Paro Nacional,@lahistoriaec zona paz sera refugio maleantes delincuentes anarquistas contratados #izaterrorista l,@lahistoriaec zona paz refugio maleantes delincuentes anarquistas contratados,1,1,1,1,1,1,1,1,1,1,1,True,True,True,False
e124a213add6c0512b2d,1,Paro Nacional,va #paronacional delincuencia lleva peso existe oportunidades laborales libre in,delincuencia peso oportunidades laborales libre,1,1,1,1,1,1,1,1,1,1,1,True,True,True,False
4ee600b2e81ab144c372,1,Paro Nacional,@laacademiatv pesimo pesimo p simo hoy zunio hizo terrible @ecuavisa #laacademia #domingodeacademia,@laacademiatv pesimo pesimo simo zunio terrible @ecuavisa,0,1,1,1,1,0,1,1,1,0,1,False,True,True,True
5def6df3954e595e9a2d,1,Muerte Cruzada,#urgente asi luce quito cercanias #asambleanacional simpatizantes presidente llegado apoyo comparecencia,quito cercanias simpatizantes presidente llegado apoyo comparecencia,1,1,1,1,1,1,1,1,1,1,1,True,True,True,False
9012274b72a37954243f,0,Muerte Cruzada,fin t ambato @tecnicouoficial @cumbaya oficial nota tapiero t u fallo penalti nazareno #ligapro,ambato @tecnicouoficial @cumbaya oficial nota tapiero fallo penalti nazareno,0,0,0,0,0,1,0,0,0,1,0,True,True,True,False
804dd12022b37e9b4ebd,1,Paro Nacional,debe debe seguir preso @leonidasizasal #izaterrorista,preso @leonidasizasal,1,1,1,1,1,0,1,1,1,0,1,True,True,True,False
cff1e09c9846750e220e,0,Muerte Cruzada,ojos guila @cscgye capta unidades @bomberosgye conato incendio avenida eloy alfaro cuenca trabajamos #portuseguridad,ojos guila @cscgye capta unidades @bomberosgye conato incendio avenida eloy alfaro cuenca,0,1,1,1,1,1,1,1,1,1,1,True,False,False,True
bd6c07ba6dc55f905d84,1,Paro Nacional,@crudoecuador obvio #paronacional si tragas recurso publico,@crudoecuador obvio recurso publico,1,1,1,1,1,0,1,1,1,0,1,True,True,True,False
881a51813f38f7c196a3,1,Paro Nacional,pueblo quiere sacar lasso lasso haciendo sacar solo #paronacionalec,pueblo lasso lasso,1,1,1,1,1,1,1,1,1,1,1,True,True,True,False
cd99de7147c3f2093950,1,Paro Nacional,brindar aguante #lassoecuadornoteaguantamas #paronacional #cuartodia espero mas organizaciones,aguante organizaciones,1,1,1,1,1,0,1,1,1,0,1,True,True,True,False
39ccc9bb2ddf2ad70f92,1,Paro Nacional,excelente video #paronacionalec #paronacional #paroecuador #paroecuador #lassoecuadornoteaguantamas,excelente video,1,1,1,1,1,0,1,0,1,0,1,True,True,True,False
56a67618650d28c3143e,1,Paro Nacional,#noticias #paronacional continuan incidentes universidad cuenca bombas lacrimogenas d,continuan incidentes universidad bombas lacrimogenas,1,1,1,1,1,0,1,1,1,0,1,True,True,True,False
64ed74908f7473f65d9a,1,Muerte Cruzada,lado verdad democracia presidente @lassoguillermo respaldo incondicional #juiciosinpruebas #yolosacuso,democracia presidente @lassoguillermo respaldo incondicional,1,1,1,1,1,1,1,1,1,1,1,True,True,True,False
e5bd2f62d89ddbad4bb9,1,Muerte Cruzada,asambleista @vivianaveloz ratifica presidente @lassoguillermo responsabilidad politica trama corrupcion contratos flopec #juiciopoliticoalasso #juiciopolitico,@vivianaveloz ratifica presidente @lassoguillermo responsabilidad politica corrupcion contratos flopec,1,1,1,1,1,1,1,1,1,1,1,True,True,True,False
13e1d1d00ce7d6dc7270,1,Paro Nacional,cuanto tiempo durara noticia red #ecuadortierradenadie #ecuadordelreparto #paronacional,tiempo noticia red,1,1,1,0,1,0,1,0,1,0,1,True,True,True,False
d22f44d423c871b9c6c3,1,Muerte Cruzada,espero broma senores ex #asambleanacional #rrhh pasa visto bueno,broma senores visto,1,1,1,1,1,0,1,1,1,0,1,True,True,True,False
e9580f64afb6733941b8,1,Paro Nacional,covid #paronacionalec #paroecuador #paronacionalec #paronacionalecuador,covid,1,1,1,1,1,0,1,1,1,0,1,True,True,True,False
50761186333df83b4cde,1,Muerte Cruzada,senor presidente @lassoguillermo #muertecruzada camino quede hombre democratico pase historia lider salvo pais narcopolitica gobierne decretos destruyan tentaculos nuevas alianzas golpistas #cne,senor presidente @lassoguillermo camino hombre democratico historia lider pais narcopolitica gobierne decretos tentaculos alianzas golpistas,1,1,1,1,1,1,1,1,1,1,1,True,True,True,False
136d47d2b6405a90ca39,1,Muerte Cruzada,inversionistas internacionales encendieron alarmas futuro economico ecuador tras anuncio #muertecruzada precio bonos deuda ecuatoriana cayo enterate mas,inversionistas internacionales alarmas futuro economico ecuador anuncio precio bonos deuda ecuatoriana cayo,1,1,1,0,1,1,1,1,1,1,1,True,True,True,False
e3d79ba5f560aa69e593,0,Muerte Cruzada,sigue ascendiendo historia amarilla @kitudiaz sigue escalando tabla goleadores @barcelonasc serie manuel uquillas nicolas asencio washington munoz damian diaz nelsinho #ligaprobet,historia amarilla @kitudiaz tabla goleadores @barcelonasc serie manuel uquillas nicolas asencio washington damian diaz nelsinho,0,0,0,0,0,1,0,0,0,1,0,True,True,True,False
ec062975713f11fe5131,1,Muerte Cruzada,hora verdad hombre mas moral visto #lassoseva,hora hombre moral visto,1,1,1,1,1,0,1,1,1,0,1,True,True,True,False
89f2c7457ab699876d3c,0,Muerte Cruzada,jugada chu #muertecruzadaya,jugada chu,1,1,1,1,0,0,1,1,0,0,1,False,False,False,False
c378ccac09c1540a47f9,1,Muerte Cruzada,borregos inconstitucional crisis politica bola mmvrgas unes correistas asi nunca trabajaron ecuador si partidos politicos intereses bola lagartos #muertecruzada,borregos inconstitucional crisis politica bola mmvrgas unes correistas ecuador partidos politicos intereses bola lagartos,1,1,1,1,1,1,1,1,1,1,1,True,True,True,False
9ff1f17491f0cf6957a5,1,Muerte Cruzada,#cnerindecuentas informe rendicion cuentas detalla actividades realizadas dentro plan operativo anual poa plan operativo electoral poe cuales garantizamos #eleccionesec triunfe democracia senalo @dianaatamaint,informe rendicion cuentas actividades realizadas plan operativo anual poa plan operativo electoral poe triunfe democracia senalo @dianaatamaint,1,1,1,1,1,1,1,1,1,1,1,True,True,True,False
12c0c9ac0af86d2e5ad3,0,Muerte Cruzada,resultados fecha fase #ligapro,resultados fecha fase,0,0,0,0,0,0,0,0,0,0,0,True,True,True,False
85a0d955a7f29416addd,0,Paro Nacional,socio electrico #emelec @auadpepe asegura patrocinios suman millones dolares niega haber,socio electrico @auadpepe patrocinios millones dolares,0,1,1,1,1,0,1,1,1,0,1,True,False,False,True
3a84381eb2fa36ccc7b2,1,Muerte Cruzada,#titularesdeldia #cne dias convocar elecciones anticipadas jueces enrique herreria jhoel escudero atenderan demandas inconstitucionalidad presentadas #izquierdademocratica acatara disposicion disolucion #asambleanacional,elecciones anticipadas jueces enrique herreria jhoel escudero demandas inconstitucionalidad presentadas disposicion disolucion,1,1,1,1,1,1,1,1,1,1,1,True,True,True,False
eaf3f7d8e7b7ace56444,1,Muerte Cruzada,guillermo lasso aplica #muertecruzada conocia iba proviene luego generarse grave crisis resultado irresponsabilidad clase politica puso intereses encima ciudadanos #larecuperaciondelapatriacomenzo @mashirafael,guillermo lasso aplica conocia grave crisis resultado irresponsabilidad clase politica intereses ciudadanos @mashirafael,1,1,1,1,1,1,1,1,1,1,1,True,True,True,False
b877e51e9eaa52c2f23e,1,Paro Nacional,si tan solo senora dirigente #conaie destino camino todas comunidades indigenas,senora dirigente destino camino comunidades indigenas,1,1,1,1,1,1,1,1,1,1,1,True,True,True,False
5190e29b12aaaaa2be04,1,Muerte Cruzada,bueno politicos #ecuador #inteligenciaartificial seria mejor opcion #juiciopolitico,politicos seria opcion,1,1,1,1,1,0,1,1,1,0,1,True,True,True,False
e5874df997917fa2782a,0,Muerte Cruzada,#alaire #loscomentaristas @comentaristasec radio @caravana @radiodiblufm #diblutv @vitotvo @mariocanessa @carlosgalvez @pilumeneses @gabyjurado @andresponce @jocelynvera @patocornejo #ligapro #onceideal #championsleague,@comentaristasec radio @caravana @radiodiblufm @vitotvo @mariocanessa @carlosgalvez @pilumeneses @gabyjurado @andresponce @jocelynvera @patocornejo,0,0,0,0,0,1,0,0,0,1,0,True,True,True,False
cc5176a03352de0bb16f,1,Muerte Cruzada,van @lassoguillermo activa #muertecruzada #ecuador luego enjuiciaba peculado @asambleaecuador gobernara meses mas,@lassoguillermo activa peculado @asambleaecuador meses,1,1,1,1,1,1,1,1,1,1,1,True,True,True,False
550d974de7f135e591de,1,Muerte Cruzada,lider social cristianos @jaimenebotsaadi emite postura tilda inconstitucional decision presidente #guillermolasso relacion #muertecruzada #ecuador #asambleanacional,lider social cristianos @jaimenebotsaadi postura inconstitucional decision presidente relacion,1,1,1,1,1,1,1,1,1,1,1,True,True,True,False
f2a87b1f95c031305d51,1,Paro Nacional,presidente ecuador #guillermolasso dijo domingo reducira #precios #gasolina diesel,presidente ecuador domingo,1,1,1,1,1,0,1,1,1,0,1,True,True,True,False
2af519c95c835f6491bf,1,Muerte Cruzada,culpa lasso abuelita murio abandono instituciones patria demand #elpeorgobiernodelahistoria #muertecruzada #lassoseva #lassosobra,culpa lasso abuelita murio abandono instituciones patria demand,1,1,1,1,1,1,1,1,1,1,1,True,True,True,False
3df39f2c10b5a3848085,1,Paro Nacional,@alexismoncayo gobierno encuentro terminara destruir ecuador debemos decir #fueralassofuera,@alexismoncayo gobierno encuentro ecuador,1,1,1,1,1,0,1,1,1,1,1,True,True,True,False
ce7ae6c72053279239c9,1,Muerte Cruzada,caricatura hoy hoy mano vilmatraca #juiciopoliticoalasso,caricatura mano vilmatraca,1,1,1,1,1,0,1,1,1,0,1,True,True,True,False
d0fb2426774e11ae4df1,1,Paro Nacional,#paronacionalec pacifico vandalismooo realmente detestable apoyan,pacifico vandalismooo realmente detestable,1,1,1,1,1,0,1,1,1,0,1,True,True,True,False
4b7bb07be9cdd6832df7,0,Paro Nacional,saludos zona urdenoriana guayaquil hoy gana vamos #ecdfmundialista,zona urdenoriana guayaquil,0,1,1,1,1,0,1,1,1,0,1,True,False,False,True
15140831c3d64f9f8b82,0,Paro Nacional,ltima hora comunicado @fefecuador suspender partido #copaecuadorecuabet cd uni,ltima hora comunicado @fefecuador partido uni,0,1,1,0,0,0,1,0,1,0,1,True,False,False,True
4a3a16b54a6862e11f31,1,Paro Nacional,aqui llegue bloqueada via santo domingo #paronacional #paronacionalecuador #paronacionalec,bloqueada via santo domingo,1,1,1,0,1,0,1,1,1,0,1,True,True,True,False
6f35ee42fcecf45d10d7,1,Muerte Cruzada,sonando musica padrino #asambleanacional diosito lindo mismo salen payasos malabaristas,musica padrino diosito lindo payasos malabaristas,1,1,1,1,1,0,1,1,1,0,1,True,True,True,False
89e3c0fafd32ce432459,1,Muerte Cruzada,intereses mas importantes intereses ecuatorianos @lassoguillermo debe ser destituido junto lacayos rodean pena ver asambleistas entraron @pknacional trabajando gobierno nacional #juiciopoliticoalasso,intereses importantes intereses ecuatorianos @lassoguillermo lacayos pena asambleistas @pknacional gobierno nacional,1,1,1,1,1,1,1,1,1,1,1,True,True,True,False
3c07a8ab9c66f0ec9acd,1,Muerte Cruzada,juez sorteado dedo ejecutara accion proteccion asamblea yaguachi quevedo duran manglaralto shushufindi esmeraldas etc #muertecruzadaya #muertecruzada #muertecruzadaec,juez sorteado dedo accion proteccion asamblea yaguachi quevedo manglaralto shushufindi esmeraldas etc,1,1,1,1,1,1,1,1,1,1,1,True,True,True,False
77f4f576a7d18acddba8,1,Paro Nacional,tiemblen comunistas vagos seguiremos reportando #ecuadorquierepaz #lassoboys #lassies #paronacionalec,comunistas vagos,1,1,1,1,1,0,1,1,1,0,1,True,True,True,False
f59ec82053b5a9c8c1b0,1,Muerte Cruzada,camargo dice video i ados guayaquil ayudados camargo violar as camargo mataba mataron camargo estorbo partido derechista guayaquil verdad #tiktok,camargo video ados guayaquil ayudados camargo camargo partido derechista guayaquil,0,1,1,0,1,1,1,1,1,1,1,False,True,True,True
f40eea8b3aa0b166abaa,1,Muerte Cruzada,lasso destruyo pais vivimos temor salud medicinas empleo cupos universidad #lassoseva #lassoajuicio #chaolasso,lasso destruyo pais temor salud medicinas empleo cupos universidad,1,1,1,1,1,1,1,1,1,1,1,True,True,True,False
651f13bac40545316899,1,Muerte Cruzada,#cnerindecuentas autoridades funcion electoral delegados organizaciones politicas representantes instituciones publicas privadas medios comunicacion ciudadania participan acto rendicion cuentas #cne,autoridades funcion electoral delegados organizaciones politicas representantes instituciones publicas privadas medios comunicacion ciudadania acto rendicion cuentas,1,1,1,1,1,1,1,1,1,1,1,True,True,True,False
08c48554acaa02363226,1,Paro Nacional,querido pueblo cotopaxi atentos actuacion asambleistas #muertecruzada,querido pueblo cotopaxi atentos actuacion asambleistas,1,1,1,1,1,1,1,1,1,1,1,True,True,True,False
76f754bfb63e7c00397d,1,Muerte Cruzada,@lassoguillermo corrupto largate #lassodestruyoecuador,@lassoguillermo corrupto largate,1,1,1,1,1,0,1,1,1,0,1,True,True,True,False
77193d2331b3c7996688,1,Paro Nacional,lasso desgobierno campeonato #lassorenuncia #paronacionalec,lasso desgobierno campeonato,1,1,1,1,1,0,1,1,1,0,1,True,True,True,False
5fe6ee900b5b08ebb245,1,Paro Nacional,creo lasso enganar cuentos #lassofuera #paronacional #revocatorialassoya @cidh,lasso cuentos @cidh,1,1,1,1,1,0,1,1,1,0,1,True,True,True,False
2530f61d9165cfa99f1a,1,Paro Nacional,#paronacional hace recordarte @melinicol pusiste llorar mientras corriamos saqueando sauceees,recordarte @melinicol,1,0,0,0,0,0,0,0,0,0,0,True,False,False,True
3f235ecb5e88a7839e1f,0,Muerte Cruzada,samuel sosa miguel rondelli suspendidos varias fechas tras ser expulsados partido barcelona encuentros perderan extremo entrenador #emelec,samuel sosa miguel rondelli suspendidos fechas partido barcelona encuentros extremo entrenador,0,0,0,0,0,1,0,0,0,1,0,True,True,True,False
19b79800b913f390f3cb,0,Paro Nacional,garces convierte septimo refuerzo super segunda etapa #ligapro octubrinos,garces septimo refuerzo super etapa,0,0,0,0,0,0,0,0,0,0,0,True,True,True,False
5ebaad759f68e9472d38,1,Muerte Cruzada,gusta chisme pueden ver #juiciopolitico aqui,chisme,1,1,1,1,1,0,1,1,1,0,1,True,True,True,False
1ef8cbdb5333725831bb,1,Paro Nacional,queridos esperando segundo dia #paronacional podido llegar bien hogares esperemo,queridos hogares esperemo,1,1,1,1,1,0,1,1,1,0,1,True,True,True,False
0573b053116bb5b9adad,1,Paro Nacional,ecuador gobierno derecha tintes comunistas #paronacional #paronacionalec,ecuador gobierno tintes comunistas,1,1,1,1,1,0,1,1,1,0,1,True,True,True,False
f5e8d75c7d91f8db0d13,1,Muerte Cruzada,#extraactualidad simpatizantes presidente guillermo #lasso estan concentrados exteriores asamblea nacional quito lleva cabo #juiciopolitico mandatario aseguran conoce mas aqui,simpatizantes presidente guillermo concentrados exteriores asamblea nacional quito cabo mandatario,1,1,1,1,1,1,1,1,1,1,1,True,True,True,False
a5355d7f449e46ba097a,1,Paro Nacional,amigues convocatoria #paronacional manana cuenca hora,amigues convocatoria manana hora,1,1,1,1,0,0,1,1,1,0,1,True,True,True,False
5fa7d72658f56c086494,1,Paro Nacional,bingo bingo hijueputa mismo hicieron #paronacionalec @juancaholguin,bingo bingo @juancaholguin,1,1,1,1,1,0,1,1,1,0,1,True,True,True,False
19e0d1331ac0e3250852,1,Paro Nacional,sangre azul mestizos hijos puta dejen mismo precio #focalizacion #paronacionalec,sangre azul mestizos hijos precio,1,1,1,1,1,0,1,1,1,0,1,True,True,True,False
cd89e738001cc97bfe4e,1,Paro Nacional,#paronacional troncal marchas pais hermanos indigenas llegaron,marchas pais hermanos indigenas,1,1,1,1,1,1,1,1,1,1,1,True,True,True,False
33ff395b245dadf3cf9a,0,Muerte Cruzada,salud vida ultimas noticias essex mental health inquiry chair renews push for legal powers decision seguros ecuador contactenos #seguros #ecuador #vida,salud vida ultimas noticias essex mental health inquiry chair renews push for legal powers decision seguros ecuador contactenos,0,1,1,1,1,1,1,1,1,1,1,True,False,False,True
2f8ab963212e998bb39b,1,Paro Nacional,#movilizacionnacional #paronacional #paronacionalecuador #yaku perez pronuncia detencion leonidas,perez pronuncia detencion leonidas,1,1,1,1,1,0,1,1,1,0,1,True,True,True,False
9791c6be195a6e47200b,0,Muerte Cruzada,alan shearer selecciono pervis estupinan equipo semana #premierleague,shearer selecciono pervis equipo semana,0,0,0,0,0,0,0,0,0,0,0,True,True,True,False
01845540cea20aadc8d6,1,Muerte Cruzada,asi senores luce verdadera dictadura dias destituyan disuelve asamblea militariza librarse juicio gobernar solo #muertecruzada,senores dictadura asamblea juicio,1,1,1,1,1,1,1,1,1,1,1,True,True,True,False
77ac8eafe2cefdf9de58,1,Paro Nacional,@patricioalarco prentendan endilgar responsabilidad #paronacional @rcoficial convocado,@patricioalarco responsabilidad @rcoficial convocado,1,1,1,1,1,0,1,1,1,0,1,True,True,True,False
c955ce1d577a175bc71e,0,Muerte Cruzada,salud vida ultimas noticias balzert named academic all district university of colorado athletics seguros ecuador contactenos #seguros #ecuador #vida,salud vida ultimas noticias balzert named academic all district university colorado athletics seguros ecuador contactenos,0,1,1,1,0,1,1,1,1,1,1,True,False,False,True
e5334c0ec59a0e36f380,1,Muerte Cruzada,#juiciopoliticoalasso sumamos voces miles ecuatorianxs coordinacion cantonal movimiento plurinacional pachakutik guayaquil gritamos #fueralassofuera,voces miles ecuatorianxs coordinacion cantonal movimiento plurinacional pachakutik guayaquil,1,1,1,1,1,1,1,1,1,1,1,True,True,True,False
326c6bfd39e2495515db,1,Muerte Cruzada,@lassoguillermo va meter decretos loco ninguna dificultad detengan debe atento sera favor conveniencia atento pueblo pueblo casa vez termina hundiendo #ecuador #lassoseva,@lassoguillermo decretos loco dificultad atento favor conveniencia atento pueblo pueblo casa,1,1,1,1,1,1,1,0,1,1,1,True,True,True,False
b44925c737b7f72c3a58,1,Paro Nacional,denuncias ilegal aprension #leonidasiza dirigentes #micc representantes #conaie,denuncias ilegal aprension dirigentes representantes,1,1,1,1,1,0,1,1,1,1,1,True,True,True,False
eb6947ed050029755dc8,0,Paro Nacional,ricardo llorente marco primer gol insutec copa ecuador everest #copaecuadorecuabet,ricardo llorente marco gol insutec copa ecuador,0,0,0,0,0,0,0,0,0,0,0,True,True,True,False
3666f308bc811e8b4bf6,1,Paro Nacional,temprano alcaldia realizando temas problemas #paronacional hizo c,temas problemas,1,1,1,1,1,0,1,1,1,0,1,True,True,True,False
385335ebce89064078a2,1,Muerte Cruzada,enorme orgullo tener mejor bancada legislativa #lassoseva,enorme orgullo bancada legislativa,1,1,1,1,1,0,1,1,1,0,1,True,True,True,False
325499157b11fb38c7a3,1,Muerte Cruzada,servidores publicos respaldan presidente afueras palacio legislativo @lassoguillermo ingresar #juiciopoliticoalasso,servidores publicos presidente afueras palacio legislativo @lassoguillermo,1,1,1,1,1,1,1,1,1,1,1,True,True,True,False
7d07cb0b216612619ad5,1,Muerte Cruzada,lider partido social cristiano deja claro causales muerte cruzada #noticiasaldia #asambleaecuador #asambleanacional #muertecruzada @mashirafael @jaimenebotsaadi @cristinareyesec @lenin,partido social cristiano causales muerte cruzada @mashirafael @jaimenebotsaadi @cristinareyesec @lenin,1,1,1,1,1,1,1,1,1,1,1,True,True,True,False
9f0b7d5e3418c72f2593,1,Paro Nacional,gran marcha #puyo #paronacionalec #pastaza @conaie ecuador @confeniae #paronacional #paronacionalec,marcha @conaie ecuador @confeniae,1,1,1,1,1,1,1,1,1,1,1,True,True,True,False
1c043628c86388231604,1,Muerte Cruzada,haga operativo jueces #corruptos @cjudicaturaec jueces culpables tanta #delincuencia #ecuatorianos dar voto candidatos #rafaelcorrea #eleccionesec punto @lancerosdigita @quitonoticias hacer reportaje,operativo jueces @cjudicaturaec jueces culpables voto candidatos punto @lancerosdigita @quitonoticias reportaje,1,1,1,1,1,1,1,1,1,1,1,True,True,True,False
50a078196ba3ca4eb2aa,1,Paro Nacional,conaie #ecuador dio conocer puntos busca trate gobierno nacional #paronacional destaca,conaie puntos gobierno nacional,1,1,1,1,1,1,1,1,1,1,1,True,True,True,False
ce37fc523291994e6055,1,Paro Nacional,estudia escuches palabra saqueo emociones #paronacionalecuador,escuches palabra emociones,1,1,1,0,1,0,1,0,1,0,1,True,True,True,False
e363af64fb033494ab31,1,Muerte Cruzada,#atenci n bancada #unes pronuncio despues decreto #muertecruzada emitido presidente guillermo #lasso,bancada pronuncio decreto emitido presidente guillermo,1,1,1,1,1,1,1,1,1,1,1,True,True,True,False
402ef162cce48042d301,0,Muerte Cruzada,bueno primer finalista va ser inter milan ac milan jugado partido pauperrimo nunca encontro caminos pases coherencia juego #roadtoistanbul #championsleague,finalista inter milan milan jugado partido encontro caminos pases coherencia juego,0,0,0,0,0,1,0,0,0,1,0,True,True,True,False
