Dimension,Escenario,Modelo,Referencia,N_holdout,Exactitud,Precisión,Recall,F1-score,Sensibilidad,Especificidad,Precisión positiva,Tasa de falsos positivos,Valor F2,Valor F0.5,TP,TN,FP,FN,Balanced_Accuracy,Cohen_Kappa,MCC
50,Escenario 1,Pseudoetiquetado directo,Silver standard de hashtags — features sin hashtags,4240,0.8860849056603773,0.9051918735891648,0.9561847988077496,0.9299898536019713,0.9561847988077496,0.6203389830508474,0.9051918735891648,0.37966101694915255,0.9455317142183447,0.9149506588329245,3208.0,549.0,336.0,147.0,0.7882618909292985,0.6257127818229669,0.6325336698664167
50,Escenario 1,Árbol de Decisión,Silver standard de hashtags — features sin hashtags,4240,0.8632075471698113,0.8947368421052632,0.9374068554396423,0.9155749636098981,0.9374068554396423,0.5819209039548022,0.8947368421052632,0.4180790960451977,0.9285503395335105,0.9029572207866782,3145.0,515.0,370.0,210.0,0.7596638796972223,0.5563533370015243,0.5605673088680079
50,Escenario 1,KNN,Silver standard de hashtags — features sin hashtags,4240,0.8705188679245283,0.899032992036405,0.9421758569299553,0.920098966671518,0.9421758569299553,0.5988700564971752,0.899032992036405,0.4011299435028249,0.9332191780821918,0.9073425569780125,3161.0,530.0,355.0,194.0,0.7705229567135652,0.5798782820881192,0.584330159422329
50,Escenario 1,Naïve Bayes,Silver standard de hashtags — features sin hashtags,4240,0.5632075471698114,0.8580276322058122,0.5368107302533532,0.6604327099376605,0.5368107302533532,0.6632768361581921,0.8580276322058122,0.3367231638418079,0.5802564598234422,0.766317760190622,1801.0,587.0,298.0,1554.0,0.6000437832057727,0.13142720616945425,0.16263853241919513
50,Escenario 1,SVM,Silver standard de hashtags — features sin hashtags,4240,0.8858490566037736,0.9051651143099069,0.9558867362146051,0.9298347347057118,0.9558867362146051,0.6203389830508474,0.9051651143099069,0.37966101694915255,0.9452926958674762,0.9148741941005306,3207.0,549.0,336.0,148.0,0.7881128596327263,0.6251070973823483,0.6318421163602801
50,Escenario 2,Pseudoetiquetado directo,Silver standard de hashtags — features sin hashtags,4240,0.879245283018868,0.8923544024289263,0.9636363636363636,0.9266265405560332,0.9636363636363636,0.559322033898305,0.8923544024289263,0.4406779661016949,0.9484832482544153,0.9057544685381297,3233.0,495.0,390.0,122.0,0.7614791987673344,0.5885671832446047,0.6027098508478503
50,Escenario 2,Árbol de Decisión,Silver standard de hashtags — features sin hashtags,4240,0.855188679245283,0.881436125800167,0.9439642324888227,0.911629245826137,0.9439642324888227,0.5186440677966102,0.881436125800167,0.48135593220338985,0.930758831481808,0.8932701528741468,3167.0,459.0,426.0,188.0,0.7313041501427164,0.5134352180828298,0.5228180457831213
50,Escenario 2,KNN,Silver standard de hashtags — features sin hashtags,4240,0.8705188679245283,0.8875690607734806,0.9576751117734724,0.9212903225806451,0.9576751117734724,0.5401129943502825,0.8875690607734806,0.4598870056497175,0.9427816901408451,0.9007569386038689,3213.0,478.0,407.0,142.0,0.7488940530618775,0.559453423672357,0.5725485026033064
50,Escenario 2,Naïve Bayes,Silver standard de hashtags — features sin hashtags,4240,0.5820754716981132,0.8612505705157463,0.5624441132637854,0.6804904435629282,0.5624441132637854,0.656497175141243,0.8612505705157463,0.34350282485875705,0.6043815258471591,0.7785295816486508,1887.0,581.0,304.0,1468.0,0.6094706442025142,0.14751918379110052,0.1780546824142767
50,Escenario 2,SVM,Silver standard de hashtags — features sin hashtags,4240,0.8790094339622642,0.8923246824958586,0.963338301043219,0.9264726960011467,0.963338301043219,0.559322033898305,0.8923246824958586,0.4406779661016949,0.9482455110902476,0.9056772964187637,3232.0,495.0,390.0,123.0,0.761330167470762,0.5879564906059263,0.601961865619376
100,Escenario 1,Pseudoetiquetado directo,Silver standard de hashtags — features sin hashtags,4240,0.882311320754717,0.8979933110367893,0.9603576751117735,0.9281290508425752,0.9603576751117735,0.5864406779661017,0.8979933110367893,0.4135593220338983,0.9472013170272813,0.9098096797876546,3222.0,519.0,366.0,133.0,0.7733991765389376,0.605477694654325,0.6160203801046068
100,Escenario 1,Árbol de Decisión,Silver standard de hashtags — features sin hashtags,4240,0.8646226415094339,0.8915798366657279,0.9436661698956781,0.916883869099334,0.9436661698956781,0.5649717514124294,0.8915798366657279,0.4350282485875706,0.9327676624830593,0.9015319779030696,3166.0,500.0,385.0,189.0,0.7543189606540537,0.5537848605577689,0.560327175795595
100,Escenario 1,KNN,Silver standard de hashtags — features sin hashtags,4240,0.8705188679245283,0.8983532084043158,0.9430700447093889,0.9201686782027046,0.9430700447093889,0.5954802259887005,0.8983532084043158,0.40451977401129946,0.9337740526502184,0.906954079000172,3164.0,527.0,358.0,191.0,0.7692751353490448,0.5787515427462875,0.5835623280531145
100,Escenario 1,Naïve Bayes,Silver standard de hashtags — features sin hashtags,4240,0.557311320754717,0.8450046685340803,0.5394932935916542,0.6585410223758413,0.5394932935916542,0.6248587570621469,0.8450046685340803,0.3751412429378531,0.5815447885875852,0.7590371550784198,1810.0,553.0,332.0,1545.0,0.5821760253269006,0.1092377155418458,0.1335920301310414
100,Escenario 1,SVM,Silver standard de hashtags — features sin hashtags,4240,0.8825471698113208,0.8982436576526345,0.9603576751117735,0.9282627484874676,0.9603576751117735,0.5875706214689266,0.8982436576526345,0.4124293785310734,0.947257011818663,0.9100152516522624,3222.0,520.0,365.0,133.0,0.7739641482903501,0.6064495807325205,0.6169065023565815
100,Escenario 2,Pseudoetiquetado directo,Silver standard de hashtags — features sin hashtags,4240,0.8785377358490566,0.8890410958904109,0.9672131147540983,0.926481084939329,0.9672131147540983,0.5423728813559322,0.8890410958904109,0.4576271186440678,0.950497949619215,0.9036480089111668,3245.0,480.0,405.0,110.0,0.7547929980550152,0.5808587826554312,0.5983605383339403
100,Escenario 2,Árbol de Decisión,Silver standard de hashtags — features sin hashtags,4240,0.8608490566037735,0.8813793103448276,0.9523099850968704,0.9154727793696275,0.9523099850968704,0.5141242937853108,0.8813793103448276,0.4858757062146893,0.9372249926664711,0.8947073648837861,3195.0,455.0,430.0,160.0,0.7332171394410906,0.525443663508143,0.5382905976894086
100,Escenario 2,KNN,Silver standard de hashtags — features sin hashtags,4240,0.8681603773584906,0.8823851203501094,0.9615499254843517,0.9202681500499216,0.9615499254843517,0.5141242937853108,0.8823851203501094,0.4858757062146893,0.9446006090419302,0.8971577952055175,3226.0,455.0,430.0,129.0,0.7378371096348313,0.5437507699889121,0.560942046418945
100,Escenario 2,Naïve Bayes,Silver standard de hashtags — features sin hashtags,4240,0.5735849056603773,0.8476404494382023,0.5621460506706408,0.6759856630824372,0.5621460506706408,0.6169491525423729,0.8476404494382023,0.38305084745762713,0.6027484819431128,0.7694818441452468,1886.0,546.0,339.0,1469.0,0.5895476016065069,0.12183241784992183,0.14574689752031889
100,Escenario 2,SVM,Silver standard de hashtags — features sin hashtags,4240,0.8785377358490566,0.8890410958904109,0.9672131147540983,0.926481084939329,0.9672131147540983,0.5423728813559322,0.8890410958904109,0.4576271186440678,0.950497949619215,0.9036480089111668,3245.0,480.0,405.0,110.0,0.7547929980550152,0.5808587826554312,0.5983605383339403
200,Escenario 1,Pseudoetiquetado directo,Silver standard de hashtags — features sin hashtags,4240,0.8825471698113208,0.8982436576526345,0.9603576751117735,0.9282627484874676,0.9603576751117735,0.5875706214689266,0.8982436576526345,0.4124293785310734,0.947257011818663,0.9100152516522624,3222.0,520.0,365.0,133.0,0.7739641482903501,0.6064495807325205,0.6169065023565815
200,Escenario 1,Árbol de Decisión,Silver standard de hashtags — features sin hashtags,4240,0.8632075471698113,0.8913963328631875,0.9418777943368107,0.9159420289855073,0.9418777943368107,0.5649717514124294,0.8913963328631875,0.4350282485875706,0.9313292071912762,0.9010550327915597,3160.0,500.0,385.0,195.0,0.7534247728746201,0.5503423812179447,0.556411935184429
200,Escenario 1,KNN,Silver standard de hashtags — features sin hashtags,4240,0.8622641509433963,0.8903916596224288,0.9418777943368107,0.9154113557358053,0.9418777943368107,0.56045197740113,0.8903916596224288,0.43954802259887005,0.9311096705757558,0.9002336049227965,3160.0,496.0,389.0,195.0,0.7511648858689703,0.5464218919725892,0.5527322343985135
200,Escenario 1,Naïve Bayes,Silver standard de hashtags — features sin hashtags,4240,0.5514150943396227,0.8471094123268036,0.5284649776453055,0.6508810572687225,0.5284649776453055,0.6384180790960452,0.8471094123268036,0.3615819209039548,0.5714561980274608,0.7559478127398311,1773.0,565.0,320.0,1582.0,0.5834415283706753,0.10943747936334758,0.1356530326289034
200,Escenario 1,SVM,Silver standard de hashtags — features sin hashtags,4240,0.8827830188679245,0.8984941438929169,0.9603576751117735,0.9283964846563896,0.9603576751117735,0.5887005649717514,0.8984941438929169,0.41129943502824856,0.9473127131600612,0.9102209164359568,3222.0,521.0,364.0,133.0,0.7745291200417624,0.6074205723781525,0.6177920203830846
200,Escenario 2,Pseudoetiquetado directo,Silver standard de hashtags — features sin hashtags,4240,0.8790094339622642,0.8891018619934282,0.9678092399403875,0.9267874982160696,0.9678092399403875,0.5423728813559322,0.8891018619934282,0.4576271186440678,0.9509723523898782,0.9038022602015253,3247.0,480.0,405.0,108.0,0.7550910606481598,0.5820902404721832,0.5999141219893188
200,Escenario 2,Árbol de Decisión,Silver standard de hashtags — features sin hashtags,4240,0.8740566037735849,0.8927875243664717,0.9555886736214605,0.9231212208465304,0.9555886736214605,0.5649717514124294,0.8927875243664717,0.4350282485875706,0.9423314326024337,0.9046785936000903,3206.0,500.0,385.0,149.0,0.760280212516945,0.5772216236604717,0.5875691630452735
200,Escenario 2,KNN,Silver standard de hashtags — features sin hashtags,4240,0.8686320754716981,0.8822404371584699,0.9624441132637854,0.9205987170349251,0.9624441132637854,0.5129943502824859,0.8822404371584699,0.48700564971751414,0.9452576112412178,0.8971936649069185,3229.0,454.0,431.0,126.0,0.7377192317731356,0.5445168756027001,0.5622865197770889
200,Escenario 2,Naïve Bayes,Silver standard de hashtags — features sin hashtags,4240,0.565566037735849,0.8471776044056907,0.5502235469448584,0.6671485363209252,0.5502235469448584,0.6237288135593221,0.8471776044056907,0.376271186440678,0.5917045964484903,0.7646425316875155,1846.0,552.0,333.0,1509.0,0.5869761802520903,0.11681350481224273,0.14144272443238348
200,Escenario 2,SVM,Silver standard de hashtags — features sin hashtags,4240,0.8790094339622642,0.8891018619934282,0.9678092399403875,0.9267874982160696,0.9678092399403875,0.5423728813559322,0.8891018619934282,0.4576271186440678,0.9509723523898782,0.9038022602015253,3247.0,480.0,405.0,108.0,0.7550910606481598,0.5820902404721832,0.5999141219893188
