Embedding_dimension,Ranking,Term,Cosine_similarity,Cosine_distance
50,1,#fueralassodictador,0.8852115,0.11478847
50,2,#leonidasizapide,0.8704684,0.12953162
50,3,#sweetandcoffee,0.8620151,0.13798487
50,4,caspigasi,0.86150914,0.13849086
50,5,ecomoda,0.8608672,0.1391328
50,6,roque,0.84801453,0.15198547
50,7,abraham,0.82772636,0.17227364
50,8,saudita,0.82390416,0.17609584
50,9,#movilizacionnacional,0.8238738,0.17612618
50,10,guatatoca,0.81189734,0.18810266
50,11,shushufindi,0.8105006,0.18949938
50,12,#petropresidente,0.80803204,0.19196796
50,13,matovelle,0.80625176,0.19374824
50,14,refugiado,0.8026369,0.19736308
50,15,insutec,0.79954565,0.20045435
50,16,carapaz,0.7984212,0.2015788
50,17,#happyfathersday,0.79775697,0.20224303
50,18,seokjin,0.79568315,0.20431685
50,19,andrew,0.79462504,0.20537496
50,20,dani,0.7925063,0.20749372
50,21,#artiedamentiroso,0.7910491,0.20895088
50,22,uribismo,0.78641087,0.21358913
50,23,egipto,0.7861153,0.21388471
50,24,goltv,0.78586614,0.21413386
50,25,paiva,0.7816567,0.21834332
50,26,merchan,0.77767324,0.22232676
50,27,banfield,0.77735513,0.22264487
50,28,#quelauabralapuerta,0.77516633,0.22483367
50,29,biyin,0.7737049,0.22629511
50,30,#felizlunes,0.77202064,0.22797936
50,31,ratio,0.7685408,0.2314592
50,32,safe,0.7668605,0.23313951
50,33,quezada,0.76170456,0.23829544
50,34,merino,0.76164395,0.23835605
50,35,gareca,0.7615067,0.23849332
50,36,gordillo,0.7608573,0.23914272
50,37,pallanca,0.7608402,0.23915982
50,38,tisaleo,0.75964427,0.24035573
50,39,jairala,0.75885963,0.24114037
50,40,hackeada,0.75676095,0.24323905
50,41,fundamedios,0.7565394,0.2434606
50,42,lalisa,0.75622267,0.24377733
50,43,alves,0.7557977,0.24420232
50,44,ineos,0.7550136,0.24498641
50,45,our,0.75343144,0.24656856
50,46,fedeguayas,0.75238353,0.24761647
50,47,toala,0.75084394,0.24915606
50,48,bicentenario,0.74723136,0.25276864
50,49,peaje,0.74626327,0.25373673
50,50,karmaland,0.74545455,0.25454545
50,51,#fathersday,0.7449252,0.2550748
50,52,mandela,0.7442955,0.25570452
50,53,#congresoquito,0.743351,0.25664902
50,54,#ibarra,0.74278325,0.25721675
50,55,#wimbledon,0.74243367,0.25756633
50,56,doha,0.7423989,0.25760108
50,57,fertisa,0.7417821,0.25821787
50,58,adri,0.7406552,0.25934482
50,59,arzobispo,0.73598355,0.26401645
50,60,celico,0.7345825,0.26541752
50,61,andre,0.73176765,0.26823235
50,62,anselmi,0.73131144,0.26868856
50,63,#muertecruzada,0.7310381,0.2689619
50,64,#obiwan,0.7309214,0.2690786
50,65,miraflores,0.7304344,0.26956558
50,66,bts,0.72783977,0.27216023
50,67,gerardo,0.7272343,0.2727657
50,68,hamilton,0.7268912,0.27310878
50,69,eustaquio,0.7264994,0.27350062
50,70,machachi,0.72649187,0.27350813
50,71,purga,0.7244294,0.27557057
50,72,nicki,0.72413015,0.27586985
50,73,duki,0.72322994,0.27677006
50,74,#ladypollo,0.7220635,0.27793652
50,75,unidas,0.7217902,0.2782098
50,76,juanes,0.72025084,0.27974916
50,77,skz,0.7200535,0.2799465
50,78,moya,0.72004443,0.27995557
50,79,wiggins,0.7188795,0.28112048
50,80,canarte,0.71872187,0.28127813
50,81,directv,0.7180007,0.2819993
50,82,gareth,0.71770316,0.28229684
50,83,wanda,0.7157222,0.2842778
50,84,pinto,0.7156848,0.28431523
50,85,excited,0.7151523,0.28484768
50,86,jersey,0.71279246,0.28720754
50,87,cordoba,0.70799696,0.29200304
50,88,bracho,0.7075543,0.29244572
50,89,bale,0.7070846,0.2929154
50,90,ordonez,0.7055856,0.2944144
50,91,biza,0.7039253,0.2960747
50,92,lipa,0.70383006,0.29616994
50,93,patrickson,0.70326585,0.29673415
50,94,balvin,0.7017977,0.29820228
50,95,mike,0.70000535,0.29999465
50,96,#diadelpadre,0.6975876,0.3024124
50,97,#postulacioncpccs,0.6975228,0.30247718
50,98,mariscal,0.6974009,0.30259907
50,99,cutuglagua,0.6972928,0.3027072
50,100,#justiciaparasanti,0.6952866,0.30471343
100,1,bull,0.9002355,0.099764526
100,2,#leonidasizapide,0.8771072,0.1228928
100,3,elsie,0.8613169,0.13868308
100,4,roque,0.85960156,0.14039844
100,5,caspigasi,0.8558313,0.14416867
100,6,#sweetandcoffee,0.85459626,0.14540374
100,7,#movilizacionnacional,0.835353,0.16464698
100,8,abraham,0.83044225,0.16955775
100,9,guatatoca,0.8240182,0.17598182
100,10,wade,0.82365847,0.17634153
100,11,matovelle,0.82186437,0.17813563
100,12,saudita,0.82031614,0.17968386
100,13,insutec,0.8132473,0.18675268
100,14,andrew,0.81307775,0.18692225
100,15,#happyfathersday,0.8126746,0.18732542
100,16,#petropresidente,0.8087959,0.19120407
100,17,refugiado,0.80767035,0.19232965
100,18,dani,0.8046112,0.1953888
100,19,fundamedios,0.80086464,0.19913536
100,20,paiva,0.800847,0.199153
100,21,seokjin,0.7965866,0.20341343
100,22,egipto,0.7965087,0.20349127
100,23,#artiedamentiroso,0.7956994,0.20430058
100,24,banfield,0.79396427,0.20603573
100,25,carapaz,0.7925783,0.20742172
100,26,gordillo,0.7921376,0.20786238
100,27,merchan,0.790529,0.20947099
100,28,#quelauabralapuerta,0.7875871,0.2124129
100,29,goltv,0.7855144,0.21448559
100,30,shushufindi,0.78372157,0.21627843
100,31,uribismo,0.7832186,0.21678138
100,32,#felizlunes,0.78149354,0.21850646
100,33,gareca,0.78092545,0.21907455
100,34,tisaleo,0.7801137,0.2198863
100,35,pallanca,0.7792892,0.22071081
100,36,merino,0.7759645,0.2240355
100,37,biyin,0.77458346,0.22541654
100,38,alves,0.7742126,0.2257874
100,39,ratio,0.7724182,0.2275818
100,40,quezada,0.77160907,0.22839093
100,41,#ibarra,0.77011013,0.22988987
100,42,#congresoquito,0.7689872,0.23101282
100,43,fedeguayas,0.76826304,0.23173696
100,44,hackeada,0.76721257,0.23278743
100,45,bicentenario,0.7666039,0.23339611
100,46,toala,0.7657132,0.23428679
100,47,safe,0.76568466,0.23431534
100,48,ineos,0.76425195,0.23574805
100,49,fertisa,0.7638518,0.23614818
100,50,doha,0.7625058,0.23749417
100,51,lalisa,0.7622358,0.23776418
100,52,#wimbledon,0.76200694,0.23799306
100,53,#fathersday,0.7618993,0.23810071
100,54,peaje,0.7597368,0.24026322
100,55,arzobispo,0.759141,0.24085897
100,56,jairala,0.753863,0.24613702
100,57,bts,0.7538622,0.2461378
100,58,#obiwan,0.75364023,0.24635977
100,59,our,0.75330794,0.24669206
100,60,karmaland,0.7526042,0.24739581
100,61,adri,0.7499383,0.2500617
100,62,anselmi,0.7498584,0.25014162
100,63,purga,0.7495914,0.2504086
100,64,miraflores,0.74785155,0.25214845
100,65,celico,0.747245,0.252755
100,66,canarte,0.7470352,0.2529648
100,67,machachi,0.746786,0.253214
100,68,gareth,0.74647737,0.25352263
100,69,#muertecruzada,0.74616027,0.25383973
100,70,mandela,0.7457338,0.2542662
100,71,moya,0.7413554,0.25864458
100,72,jersey,0.74039346,0.25960654
100,73,wiggins,0.738582,0.26141798
100,74,juanes,0.7382935,0.26170647
100,75,skz,0.73637134,0.26362866
100,76,bale,0.7351971,0.26480287
100,77,directv,0.7343446,0.2656554
100,78,duki,0.73357314,0.26642686
100,79,gerardo,0.73336625,0.26663375
100,80,bracho,0.73286164,0.26713836
100,81,hamilton,0.7317314,0.2682686
100,82,#ladypollo,0.73078585,0.26921415
100,83,eustaquio,0.730598,0.26940203
100,84,cordoba,0.7301218,0.2698782
100,85,wanda,0.72995573,0.27004427
100,86,patrickson,0.72994554,0.27005446
100,87,nicki,0.7264897,0.27351028
100,88,andre,0.72493005,0.27506995
100,89,balvin,0.7232189,0.27678108
100,90,excited,0.72234344,0.27765656
100,91,#diadelpadre,0.7211929,0.2788071
100,92,biza,0.72106504,0.27893496
100,93,tevez,0.718368,0.281632
100,94,duko,0.71433717,0.28566283
100,95,lipa,0.71344477,0.28655523
100,96,#postulacioncpccs,0.70956063,0.29043937
100,97,atrevimiento,0.70913434,0.29086566
100,98,mike,0.70859855,0.29140145
100,99,frickson,0.70711535,0.29288465
100,100,politecnica,0.705781,0.29421902
200,1,bull,0.90385264,0.09614736
200,2,#leonidasizapide,0.8799182,0.12008178
200,3,ecomoda,0.86643726,0.13356274
200,4,elsie,0.8621262,0.13787383
200,5,roque,0.86140746,0.13859254
200,6,caspigasi,0.8606108,0.13938922
200,7,#sweetandcoffee,0.8557993,0.14420068
200,8,#movilizacionnacional,0.8377182,0.16228181
200,9,wade,0.8298475,0.17015249
200,10,guatatoca,0.82966304,0.17033696
200,11,matovelle,0.8234793,0.1765207
200,12,abraham,0.81709564,0.18290436
200,13,andrew,0.8169742,0.18302578
200,14,saudita,0.8168747,0.18312532
200,15,#happyfathersday,0.81680554,0.18319446
200,16,#petropresidente,0.8096815,0.19031852
200,17,dani,0.8083342,0.19166583
200,18,fundamedios,0.80677235,0.19322765
200,19,insutec,0.80538285,0.19461715
200,20,refugiado,0.80383295,0.19616705
200,21,seokjin,0.8002895,0.19971049
200,22,shushufindi,0.8000938,0.19990617
200,23,egipto,0.7990431,0.20095688
200,24,paiva,0.7987525,0.20124751
200,25,#artiedamentiroso,0.79502845,0.20497155
200,26,gordillo,0.79288995,0.20711005
200,27,merchan,0.79287004,0.20712996
200,28,#quelauabralapuerta,0.7922171,0.20778292
200,29,carapaz,0.7903292,0.20967078
200,30,goltv,0.78994143,0.21005857
200,31,banfield,0.78840554,0.21159446
200,32,uribismo,0.7875087,0.21249127
200,33,gareca,0.7864522,0.21354783
200,34,lalisa,0.78600705,0.21399295
200,35,#felizlunes,0.7824375,0.2175625
200,36,tisaleo,0.7823434,0.21765661
200,37,pallanca,0.7808722,0.21912777
200,38,biyin,0.77924365,0.22075635
200,39,merino,0.77786446,0.22213554
200,40,alves,0.77732205,0.22267795
200,41,ratio,0.77674127,0.22325873
200,42,hackeada,0.77279156,0.22720844
200,43,#ibarra,0.77224714,0.22775286
200,44,quezada,0.7720586,0.2279414
200,45,fedeguayas,0.77126753,0.22873247
200,46,toala,0.76809716,0.23190284
200,47,bicentenario,0.7676305,0.23236948
200,48,doha,0.767507,0.23249298
200,49,safe,0.7670244,0.2329756
200,50,#congresoquito,0.7665836,0.23341638
200,51,#fathersday,0.76628155,0.23371845
200,52,ineos,0.76572466,0.23427534
200,53,jairala,0.76259965,0.23740035
200,54,#wimbledon,0.76135606,0.23864394
200,55,fertisa,0.7613462,0.23865378
200,56,arzobispo,0.75938,0.24062002
200,57,#obiwan,0.7587742,0.24122578
200,58,karmaland,0.7585656,0.2414344
200,59,peaje,0.755759,0.244241
200,60,anselmi,0.75418335,0.24581665
200,61,adri,0.7531835,0.24681652
200,62,#muertecruzada,0.75163573,0.24836427
200,63,mandela,0.7513346,0.24866539
200,64,bts,0.7513148,0.24868518
200,65,moya,0.7507234,0.24927658
200,66,celico,0.75008047,0.24991953
200,67,our,0.75007135,0.24992865
200,68,gareth,0.7492242,0.2507758
200,69,machachi,0.74673444,0.25326556
200,70,miraflores,0.7462603,0.2537397
200,71,purga,0.7456698,0.25433022
200,72,jersey,0.7449046,0.25509542
200,73,skz,0.74400896,0.25599104
200,74,canarte,0.7433425,0.25665748
200,75,juanes,0.7428135,0.25718647
200,76,gerardo,0.7393233,0.26067668
200,77,eustaquio,0.73831546,0.26168454
200,78,bale,0.7379988,0.26200122
200,79,wiggins,0.73680234,0.26319766
200,80,bracho,0.73610574,0.26389426
200,81,patrickson,0.73444223,0.26555777
200,82,hamilton,0.7339544,0.26604557
200,83,directv,0.7330856,0.26691443
200,84,andre,0.732486,0.267514
200,85,biza,0.73147094,0.26852906
200,86,cordoba,0.73143375,0.26856625
200,87,wanda,0.7309607,0.26903927
200,88,#ladypollo,0.7300953,0.26990467
200,89,duki,0.7293738,0.2706262
200,90,nicki,0.7284753,0.27152473
200,91,balvin,0.7262698,0.27373022
200,92,#diadelpadre,0.72533506,0.27466494
200,93,tevez,0.7212571,0.2787429
200,94,lipa,0.7191683,0.2808317
200,95,excited,0.71767277,0.28232723
200,96,duko,0.7168666,0.2831334
200,97,#postulacioncpccs,0.7149234,0.28507662
200,98,sinclair,0.71478504,0.28521496
200,99,mike,0.7123552,0.2876448
200,100,#justiciaparasanti,0.7097824,0.29021758
